[
  {
    "number": "artículo 4",
    "content": [
      "de la Ley de Impuesto sobre la Renta, en virtud del cual, se declararon como rentas no gravables por dicho tributo, los ingresos que reciban los trabajadores en concepto de aguinaldo a que se refiere el Código de Trabajo y la Ley sobre la Compensación Adicional en Efectivo, hasta un monto no mayor de dos salarios mínimos mensuales del sector comercio y servicios y por consiguiente, no sujetos a retención del referido impuesto.",
      "Que sin perjuicio del referido tratamiento impositivo y por razones de política fiscal, es conveniente emitir disposiciones transitorias, que eximan para el presente ejercicio fiscal de 2023, la retención y pago del aludido impuesto, que recaería sobre los aguinaldos superiores a los dos salarios mínimos mensuales del sector comercio y servicios.",
      "Que la adopción de esta medida, con carácter oportuno, necesario y responsable, en materia de orden fiscal, está orientada a mantener una razonable estabilidad en la economía de las familias salvadoreñas, ante los efectos adversos de la crisis inflacionaria que impacta a nivel mundial, logrando así favorecer la capacidad adquisitiva de estas familias.",
      "en uso de sus facultades constitucionales y a iniciativa del Presidente de la República, por medio del Ministro de Hacienda,",
      "DECRETA las siguientes:",
      "DISPOSICIONES TRANSITORIAS QUE DECLARAN COMO RENTA NO GRAVABLE Y EN CONSECUENCIA EXCLUIDAS DE LA RETENCIÓN RESPECTIVA, EL AGUINALDO A QUE SE REFIERE EL CÓDIGO DE TRABAJO Y LA LEY SOBRE LA COMPENSACIÓN ADICIONAL EN EFECTIVO, HASTA UN LÍMITE DE UN MIL QUINIENTOS DÓLARES DE LOS ESTADOS UNIDOS DE AMÉRICA."
    ]
  },
  {
    "number": "Art. 1",
    "content": [
      "No obstante lo dispuesto en el numeral 16) del"
    ]
  },
  {
    "number": "artículo 155",
    "content": [
      ", inciso segundo del Código Tributario, para el corriente ejercicio fiscal de dos mil veintitrés, se declaran como rentas no gravables por dicho tributo, los ingresos que reciban los trabajadores en concepto de aguinaldo, a que se refiere el Código de Trabajo y la Ley sobre la Compensación Adicional en Efectivo, respectivamente, hasta un monto igual y no mayor de UN MIL QUINIENTOS DÓLARES DE LOS ESTADOS UNIDOS DE AMÉRICA; por consiguiente, no estará sujeto a la retención del referido impuesto.",
      "Aquellos aguinaldos que sobrepasen el monto señalado en el inciso anterior, estarán sujetos a la retención y al pago del Impuesto sobre la Renta que corresponda, deduciendo el valor no gravable regulado en este artículo."
    ]
  },
  {
    "number": "Art. 2",
    "content": [
      "El presente decreto entrará en vigencia a partir del día de su publicación en el Diario Oficial.",
      "DADO EN EL SALÓN AZUL DEL PALACIO LEGISLATIVO: San Salvador, a los veintinueve días del mes de noviembre del año dos mil veintitrés.",
      "ERNESTO ALFREDO CASTRO ALDANA, PRESIDENTE.",
      "SUECY BEVERLEY CALLEJAS ESTRADA, RODRIGO JAVIER AYALA CLAROS, PRIMERA VICEPRESIDENTA. SEGUNDO VICEPRESIDENTE.",
      "GUILLERMO ANTONIO GALLEGOS NAVARRETE, TERCER VICEPRESIDENTE.",
      "ELISA MARCELA ROSALES RAMÍREZ, NUMAN POMPILIO SALGADO GARCÍA, PRIMERA SECRETARIA. SEGUNDO SECRETARIO.",
      "REYNALDO ANTONIO LÓPEZ CARDOZA, REINALDO ALCIDES CARBALLO CARBALLO, TERCER SECRETARIO. CUARTO SECRETARIO.",
      "CASA PRESIDENCIAL: San Salvador, a los treinta días del mes de noviembre de dos mil veintitrés.",
      "PUBLÍQUESE,",
      "NAYIB ARMANDO BUKELE ORTEZ, Presidente de la República.",
      "JERSON ROGELIO POSADA MOLINA, Ministro de Hacienda.",
      "D. O. N° 225 Tomo N° 441 Fecha: 30 de noviembre de 2023"
    ]
  }
]