[
  {
    "number": "Art.  1.",
    "content": [
      "- La Corte de Cuentas de la República, que en esta Ley podrá denominarse",
      "“la Corte”, es el organismo encargado de fiscalizar, en su doble aspecto administra-",
      "tivo y jurisdiccional, la Hacienda Pública en general y la ejecución del Presupuesto",
      "en particular, así como la gestión económica de las entidades a que se refiere la"
    ]
  },
  {
    "number": "artículo  195",
    "content": [
      "y los incisos 4 y 5 del",
      "de la República.",
      "(*) El presente artículo ha sido reformado mediante D.L. No. 998, D.O. No. 239, Tomo",
      "No. 357, del 18 de diciembre de 2002.",
      "(*) El presente artículo ha sido reformado mediante D.L. No. 1147, D.O. No. 46, Tomo",
      "No. 358, del 10 de marzo de 2003.",
      "Independencia"
    ]
  },
  {
    "number": "Art.  2.",
    "content": [
      "- La Corte es independiente del Órgano Ejecutivo, en lo funcional y adminis-",
      "trativo.",
      "La independencia de la Corte se fundamenta en su carácter técnico, y sus actua-",
      "ciones son totalmente independientes de cualquier interés particular.",
      "La  Corte  elaborará  el  proyecto  anual  de  ingresos  y  egresos  de  la  institución,  así",
      "como su respectivo régimen de salarios atendiendo a las políticas, procedimientos",
      "y  fechas  presupuestarias  establecidas  por  la  Ley  de  Administración  Financiera  del",
      "Estado y el Ministerio de Hacienda, y lo remitirá al Órgano Ejecutivo, para su inclusión",
      "en el Presupuesto General del Estado.",
      "(*) El presente artículo ha sido reformado mediante D.L. No. 548, D.O. No. 233, Tomo",
      "No. 413, del 14 de diciembre de 2016.",
      "Ley de la Corte de Cuentas de la República",
      "7",
      "Jurisdicción de la Corte"
    ]
  },
  {
    "number": "Art.  3.",
    "content": [
      "- Están sujetas a la fiscalización y control de la Corte todas las entidades y orga-",
      "nismos del sector público y sus servidores, sin excepción alguna. La jurisdicción de la",
      "Corte alcanza también a las actividades de entidades, organismos y personas que,",
      "no  estando  comprendidos  en  el  inciso  anterior,  reciban  asignaciones,  privilegios  o",
      "participaciones ocasionales de recursos públicos. En este caso el control se aplicará",
      "únicamente al ejercicio en que se haya efectuado el aporte o concesión y al monto",
      "de los mismos.",
      "En el caso de entidades que estén sujetas a la vigilancia de la Superintendencia del",
      "Sistema Financiero o de la Superintendencia de Sociedades y Empresas Mercantiles,",
      "el control de la Corte podrá realizarse en coordinación con aquellas.",
      "Competencia"
    ]
  },
  {
    "number": "Art.  4.",
    "content": [
      "- Es competencia de la Corte el control externo posterior de la gestión pública.",
      "La Corte podrá actuar preventivamente, a solicitud del organismo fiscalizado, del",
      "superior jerárquico de éste o de oficio cuando lo considere necesario.",
      "La actuación preventiva consistirá en la formulación de recomendaciones de audi-",
      "toría tendientes a evitar el cometimiento de irregularidades.",
      "Atribuciones y Funciones (*)"
    ]
  },
  {
    "number": "Art.  5.",
    "content": [
      "- La Corte, tendrá las atribuciones y funciones que le señala el",
      "la Constitución y, en base a la atribución novena del mismo Artículo las siguientes:",
      "1) Practicar auditoría externa financiera y operacional o de gestión a las enti-",
      "dades y organismos que administren recursos del Estado;",
      "2) Dictar las políticas, normas técnicas y demás disposiciones para:",
      "a) La práctica del control interno;",
      "b) La práctica de la auditoría gubernamental, interna o externa, financiera",
      "y operacional o de gestión;",
      "c) La determinación de las responsabilidades de que se trata esta Ley;",
      "3) Examinar y evaluar los resultados alcanzados, la legalidad, eficiencia, efec-",
      "tividad y economía de la gestión pública;",
      "4) Examinar y evaluar los sistemas operativos, de administración e información",
      "y las técnicas y procedimientos de control interno incorporados en ellos, como",
      "responsabilidad gerencial de cada ente público;",
      "Ley de la Corte de Cuentas de la República",
      "8",
      "5) Evaluar las unidades de auditoría interna de las entidades y organismos del",
      "sector público;",
      "6) Sin perjuicio de su responsabilidad y obligación de control, la Corte podrá:",
      "Calificar, seleccionar y contratar firmas privadas para sustentar sus auditorías",
      "en los casos que considere necesario;",
      "7) Evaluar el trabajo de auditoría externa, efectuado por otras personas en las",
      "entidades y organismos del Estado;",
      "8) Proporcionar asesoría técnica a las entidades y organismos del sector públi-",
      "co, con respecto a la implantación del Sistema de Control y materias que le",
      "competen, de acuerdo con esta Ley;",
      "9) Capacitar a los servidores de las entidades y organismos del sector público,",
      "en las materias de que es responsable; normar y coordinar la capacitación;",
      "10) Requerir  a  funcionarios  y  empleados  que  hagan  efectivo  el  cobro  de  las",
      "obligaciones a favor de las entidades y organismos del sector público, y que",
      "éstos cancelen las propias;",
      "11)  Declarar  la  responsabilidad  administrativa  o  patrimonial,  o  ambas  en  su",
      "caso; (*)",
      "12) Exigir al responsable principal, por la vía administrativa el reintegro inmedia-",
      "to de cualquier recurso financiero indebidamente desembolsado;",
      "13) Solicitar a la Fiscalía General de la República que proceda contra los fun-",
      "cionarios o empleados, y sus fiadores cuando los créditos a favor de entidades",
      "u organismos de que trata esta Ley, procedan de los faltantes de dinero, valo-",
      "res o bienes a cargo de dichos funcionarios o empleados;",
      "14) Solicitar a quien corresponda la aplicación de sanciones o aplicarlas si fue-",
      "ra el caso y que se hagan efectivas las responsabilidades que le corresponde",
      "determinar y establecer;",
      "15)  Examinar  la  cuenta  que  sobre  la  gestión  de  la  Hacienda  Pública  rinda  el",
      "Órgano Ejecutivo a la Asamblea Legislativa e informar a ésta del resultado de",
      "su examen en un plazo no mayor de cuatro meses.",
      "Para tal efecto la Corte practicará auditoría a los estados financieros del Ór-",
      "gano Ejecutivo, pronunciándose sobre la presentación y contenidos de los mis-",
      "mos,  señalando  las  ilegalidades  e  irregularidades  cometidas  y  toda  situación",
      "que no permita a los diferentes Órganos del Estado apreciar con claridad los",
      "resultados de determinado ejercicio financiero;",
      "Ley de la Corte de Cuentas de la República",
      "9",
      "16) Exigir de las entidades, organismos y servidores del sector público cualquier",
      "información  o  documentación  que  considere  necesaria  para  el  ejercicio  de",
      "sus funciones; igual obligación tendrán los particulares, que por cualquier cau-",
      "sa, tuvieren que suministrar datos o informes para aclarar situaciones.",
      "Al servidor público o persona particular que incumpliere lo ordenado en el in-",
      "ciso anterior, se le impondrá una multa sin perjuicio de cualquier otra sanción a",
      "que se hiciere acreedor, todo de conformidad con la Ley; (*)",
      "17) Dictar las disposiciones reglamentarias, las políticas, normas técnicas y pro-",
      "cedimientos para el ejercicio de las funciones administrativas confiadas a la",
      "Corte, y vigilar su cumplimiento;",
      "18) Dictar el Reglamento Orgánico-Funcional de la Corte que establecerá la",
      "estructura,  las  funciones,  responsabilidades  y  atribuciones  de  sus  dependen-",
      "cias;",
      "19) Ejercer las demás facultades y atribuciones establecidas por las Leyes de",
      "la República.",
      "(*)Los numerales 11) y 16) han sido reformados mediante D.L. No. 998, D.O. No. 239,",
      "Tomo No. 357, del 18 de diciembre de 2002.",
      "CAPÍTULO II",
      "ORGANIZACIÓN ADMINISTRATIVA",
      "Ejercicio de la Función Administrativa (*)"
    ]
  },
  {
    "number": "Art.  6.",
    "content": [
      "- Para el cumplimiento de sus funciones administrativas, la Corte se dividirá en",
      "las unidades organizativas que establezca su Reglamento Orgánico Funcional.",
      "Corresponderá al presidente y magistrados el ejercicio de tales funciones; las depen-",
      "dencias de la Corte estarán bajo su dirección, de acuerdo con esta ley, reglamentos",
      "respectivos y sus instrucciones generales o especiales.",
      "Todas las decisiones de la Corte, para su validez, deberán ser adoptadas por la ma-",
      "yoría de las Magistraturas propietarias o de quien haga sus veces, excepto cuando",
      "la ley disponga algo diferente.",
      "(*) El inciso segundo ha sido reformado mediante D.L. No. 548, D.O. No. 233, Tomo",
      "No. 413, del 14 de diciembre de 2016.",
      "Ley de la Corte de Cuentas de la República",
      "10",
      "Nombramiento del Personal"
    ]
  },
  {
    "number": "Art.  7.",
    "content": [
      "- El  presidente  y  los  magistrados  de  la  Corte  nombrarán,  removerán,  conce-",
      "derán licencias y aceptarán renuncias a los funcionarios y empleados de la misma;",
      "también podrán contratar de forma temporal, profesionales o técnicos con cono-",
      "cimiento especializado para efectuar labores específicas o dar apoyo en funciones",
      "propias de la Corte. Las decisiones antes mencionadas se adoptarán por mayoría.",
      "(*) El presente artículo ha sido reformado mediante D.L. No. 548, D.O. No. 233, Tomo",
      "No. 413, del 14 de diciembre de 2016.",
      "Atribuciones del Presidente (*)"
    ]
  },
  {
    "number": "Art.  8.",
    "content": [
      "- Corresponde al Presidente de la Corte:",
      "1) Representar legalmente a la Corte y delegar mediante acuerdo de la ma-",
      "yoría cuando las circunstancias así lo demanden, en los magistrados y demás",
      "funcionarios.",
      "2) Depositar sus funciones en cualquiera de los magistrados por cualquier mo-",
      "tivo justificado.",
      "3) Las demás atribuciones que esta ley u otras leyes le asignen.",
      "(*) El presente artículo ha sido reformado mediante D.L. No. 548, D.O. No. 233, Tomo",
      "No. 413, del 14 de diciembre de 2016.",
      "Organismo de Dirección de la Corte de Cuentas de la República (*)"
    ]
  },
  {
    "number": "Art.  8-",
    "content": [
      "A. Corresponde a la Corte:",
      "1) Conocer y juzgar las operaciones administrativas y financieras de las entida-",
      "des, y organismos sujetos a esta ley.",
      "2) Establecer mediante el Juicio de Cuentas, las responsabilidades administra-",
      "tivas o patrimoniales, o ambas en su caso.",
      "3)  Formular  las  políticas  de  selección,  capacitación,  remuneración  y  demás",
      "pertinentes al personal de la Corte, en base al reglamento respectivo.",
      "4) Ejercer las funciones administrativas en base al reglamento respectivo.",
      "5) Contratar servicios de auditoría o de consultoría en cualquier materia perti-",
      "nente a sus funciones, a efecto de darle cumplimiento a lo establecido en el",
      "Ley de la Corte de Cuentas de la República",
      "11"
    ]
  },
  {
    "number": "Art.  5",
    "content": [
      ", numeral 6 de esta ley.",
      "6) Comunicar inmediatamente por medio del funcionario que esta designe al",
      "Fiscal General de la República, de los posibles ilícitos penales que se advierten",
      "en razón del ejercicio de las atribuciones de la Corte.",
      "7) Aprobar el reglamento de personal, el cual contendrá entre otros, los debe-",
      "res, derechos y atribuciones, prestaciones, valoración de puestos y un plan de",
      "carrera para ingreso, permanencia y promoción de los servidores de la Corte.",
      "8) Refrendar los actos y contratos relativos a la deuda pública.",
      "Las decisiones antes mencionadas deberán tomarse con mayoría.",
      "(*)  El  presente  artículo  ha  sido  intercalado  entre  los  artículos  8  y  9  mediante  D.L.",
      "No. 548, D.O. No. 233, Tomo No. 413, del 14 de diciembre de 2016.",
      "Régimen de Suplencia"
    ]
  },
  {
    "number": "Art.  9.",
    "content": [
      "- En defecto del Presidente de la Corte, asumirá sus funciones el Primer Magis-",
      "trado y a falta de éste, el Segundo Magistrado.",
      "Incompatibilidad por parentesco (*)"
    ]
  },
  {
    "number": "Art.  10.",
    "content": [
      "- No podrán ingresar al servicio de esta Corte, quienes estén dentro del cuarto",
      "grado de consanguinidad o segundo de afinidad con el Presidente de la Corte o",
      "con los Magistrados de la Cámara de Segunda Instancia de la misma o con sus Ase-",
      "sores, Directores, Subdirectores, Jueces de Cuentas, Jefes de Departamento u otro",
      "funcionario de similar jerarquía, salvo que a la fecha de elección o nombramiento",
      "de tales funcionarios, sus parientes se encuentren prestando ya sus servicios a la Ins-",
      "titución.",
      "Tampoco podrán ingresar como servidores de la Corte, quienes sean parientes den-",
      "tro del tercer grado de consanguinidad o segundo de afinidad, con empleados de",
      "la Corte. En el caso de cónyuges o compañero (a) de vida, sólo podrá ingresar uno",
      "de ellos. Esta prohibición no tendrá efecto para los funcionarios o empleados que ya",
      "están laborando en la Institución al entrar en vigencia esta disposición.",
      "(*) El presente artículo ha sido reformado mediante D.L. No. 998, D.O. No. 239, Tomo",
      "No. 357, del 18 de diciembre de 2002.",
      "(*) El presente artículo ha sido reformado mediante D.L. No. 1147, D.O. No. 46, Tomo",
      "No. 358, del 10 de marzo de 2003.",
      "Ley de la Corte de Cuentas de la República",
      "12",
      "Capacidad e Idoneidad del Personal"
    ]
  },
  {
    "number": "Art.  11.",
    "content": [
      "- El personal de la Corte será de capacidad e idoneidad comprobadas, para",
      "el desempeño de sus respectivas funciones, de conformidad con el Reglamento a",
      "que se refiere el artículo siguiente."
    ]
  },
  {
    "number": "Art.  12.",
    "content": [
      "- (*)",
      "(*) El presente artículo ha sido derogado mediante D.L. No. 548, D.O. No. 233, Tomo",
      "No. 413, del 14 de diciembre de 2016.",
      "CAPÍTULO III",
      "ORGANIZACIÓN JURISDICCIONAL",
      "División Jurisdiccional"
    ]
  },
  {
    "number": "Art.  13.",
    "content": [
      "- Para el cumplimiento de sus funciones jurisdiccionales, la Corte se divide en",
      "una Cámara de Segunda Instancia y en Cámaras de Primera Instancia, el número",
      "de  Jueces  y  Cámaras  de  Primera  Instancia  se  establecerán  en  la  Ley  de  Salarios,",
      "según las necesidades de la Corte.",
      "Cámaras de Primera y Segunda Instancia (*)"
    ]
  },
  {
    "number": "Art.  14.",
    "content": [
      "- Cada Cámara de Primera Instancia se integrará con dos Jueces, quienes",
      "deberán ser salvadoreños por nacimiento, mayores de treinta años de edad, Abo-",
      "gados de la República, de reconocida honorabilidad y capacidad y estar en el ejer-",
      "cicio de sus derechos de ciudadano. La Cámara de Segunda Instancia se integrará",
      "con el Presidente de la Corte y los Magistrados.",
      "El cargo de Juez de Primera Instancia de la Corte, es incompatible con el ejercicio",
      "de la Abogacía y el Notariado. (*)",
      "(*) En el presente artículo se adiciona el inciso segundo mediante D.L. No. 998, D.O.",
      "No. 239, Tomo No. 357, del 18 de diciembre de 2002.",
      "Ley de la Corte de Cuentas de la República",
      "13",
      "Competencia de las Cámaras (*)"
    ]
  },
  {
    "number": "Art.  15.",
    "content": [
      "-  La  competencia  jurisdiccional  de  las  Cámaras  de  Primera  Instancia  y  de",
      "Segunda Instancia de la Corte, tendrá lugar sólo respecto de las atribuciones y fa-",
      "cultades de la Corte, que impliquen actos jurídicos que puedan dar lugar al estable-",
      "cimiento de responsabilidades de carácter administrativo o patrimonial.",
      "(*) El presente artículo ha sido reformado mediante D.L. No. 998, D.O. No. 239, Tomo",
      "No. 357, del 18 de diciembre de 2002."
    ]
  },
  {
    "number": "Art.  16.",
    "content": [
      "- Las Cámaras de Primera Instancia de la Corte conocerán en primera instan-",
      "cia del juicio de cuentas.",
      "La revisión y apelación de las sentencias a que se refiere esta Ley, será de compe-",
      "tencia de la Cámara de Segunda Instancia.",
      "Atribuciones de la Cámara de Segunda Instancia"
    ]
  },
  {
    "number": "Art.  17.",
    "content": [
      "- Corresponde a la Cámara de Segunda Instancia:",
      "1) Nombrar, remover, conceder licencias y aceptar renuncias a los Jueces de",
      "las Cámaras de Primera Instancia;",
      "2) Organizar las Cámaras de Primera Instancia;",
      "3) Dictar las disposiciones reglamentarias para el cumplimiento de la función",
      "jurisdiccional de la Corte;",
      "4) Las demás que esta Ley señale.",
      "Magistrados Suplentes"
    ]
  },
  {
    "number": "Art.  18.",
    "content": [
      "- Habrán  dos  Magistrados  Suplentes  para  integrar  la  Cámara  de  Segunda",
      "Instancia,  cuando  ésta  quedare  incompleta  por  impedimento,  excusa,  renuncia,",
      "muerte, ausencia prolongada u otra causa similar, del Presidente o Magistrados Pro-",
      "pietarios.",
      "Los Suplentes serán electos por la Asamblea Legislativa para un período de tres años",
      "y deberán reunir iguales requisitos que los propietarios; quienes podrán ser reelegidos.",
      "Cuando estén en funciones no deberán ser separados de sus cargos sino por causa",
      "justa legalmente comprobada, mediante resolución de la Asamblea Legislativa.",
      "Ley de la Corte de Cuentas de la República",
      "14",
      "Llamamiento de Magistrados Suplentes"
    ]
  },
  {
    "number": "Art.  19.",
    "content": [
      "- En los casos comprendidos en el artículo anterior, el Presidente o el Magis-",
      "trado que haga sus veces, completará la Cámara de Segunda Instancia llamando",
      "a los Magistrados Suplentes según sea necesario, pudiendo llamar a cualquiera de",
      "ellos, indistintamente.",
      "Si no fuere posible integrar la Cámara por falta de suplentes, el Presidente o el Ma-",
      "gistrado que haga sus veces, lo hará del conocimiento de la Asamblea Legislativa",
      "para los efectos consiguientes.",
      "Jueces Interinos"
    ]
  },
  {
    "number": "Art.  20.",
    "content": [
      "- La  Cámara  de  Segunda  Instancia  nombrará  jueces  interinos,  en  caso  de",
      "impedimento,  excusa,  ausencia  prolongada,  discordia  u  otra  causa  similar,  de  los",
      "Jueces Propietarios de las Cámaras de Primera Instancia.",
      "Los interinos deberán reunir iguales requisitos que los propietarios.",
      "TÍTULO II",
      "SISTEMA NACIONAL DE CONTROL Y AUDITORÍA DE LA GESTIÓN PÚBLICA",
      "CAPÍTULO I",
      "INSTITUCIÓN DEL SISTEMA",
      "Institución (*)"
    ]
  },
  {
    "number": "Art.  21.",
    "content": [
      "- Institúyese el Sistema Nacional de Control y Auditoría de la Gestión Pública,",
      "que en esta Ley se llamará “el Sistema”. Con la aplicación de éste, la Corte ejercerá",
      "la fiscalización y control de la Hacienda Pública en general, de la ejecución del Pre-",
      "supuesto en particular, y de la gestión económica de las Instituciones a que se refiere",
      "la Constitución de la República. (*)",
      "La Corte, como Organismo Rector del Sistema, es responsable en el grado superior",
      "del desarrollo, normatividad y evaluación del mismo en las entidades y organismos",
      "del sector público.",
      "La Corte se pronunciará sobre la legalidad, eficiencia, economía, efectividad y",
      "transparencia de la gestión al examinar las actividades financieras, administrativas y",
      "operativas de las entidades y servidores sujetos a su jurisdicción.",
      "(*) El inciso primero ha sido reformado mediante D.L. No. 998, D.O. No. 239, Tomo No.",
      "357, del 18 de diciembre de 2002.",
      "Ley de la Corte de Cuentas de la República",
      "15",
      "Concepto"
    ]
  },
  {
    "number": "Art.  22.",
    "content": [
      "- El  Sistema  comprenderá:  Las  entidades  y  organismos  encargados  de  eje-",
      "cutar las acciones de control, el conjunto de normas aplicables a las entidades del",
      "sector público y sus servidores para el examen de su gestión y para el descargo de",
      "sus responsabilidades; las medidas necesarias para precautelar y verificar el uso efi-",
      "ciente y económico de sus recursos y la efectividad de los resultados institucionales;",
      "así como para corregir las deficiencias y desviaciones.",
      "Componentes"
    ]
  },
  {
    "number": "Art.  23.",
    "content": [
      "- Serán parte del Sistema:",
      "1) El control interno, responsabilidad gerencial de cada una de las entidades"
    ]
  },
  {
    "number": "artículo  3",
    "content": [
      "de esta Ley.",
      "2) El control externo de otras entidades y organismos, en materia de su com-",
      "petencia.",
      "3) El control externo posterior que corresponde a la Corte y sus controles pre-",
      "ventivos.",
      "CAPÍTULO II",
      "NORMAS Y POLÍTICAS",
      "Normas Técnicas y Políticas"
    ]
  },
  {
    "number": "Art.  24.",
    "content": [
      "- Para regular el funcionamiento del Sistema, la Corte expedirá con carácter",
      "obligatorio:",
      "1) Normas Técnicas de Control Interno, que servirán como marco básico para",
      "que las entidades del sector público y sus servidores controlen los programas,",
      "la organización y la administración de las operaciones a su cargo;",
      "2) Políticas de Auditoría que servirán como guía general para las actividades",
      "de auditoría interna y externa que deban realizarse en el sector público;",
      "3) Normas de Auditoría Gubernamental que especificarán los requisitos gene-",
      "rales y personales del auditor, la naturaleza, características, amplitud y calidad",
      "de sus labores, y la presentación, contenido y trámite de su informe;",
      "4) Reglamentos, manuales e instructivos y demás disposiciones necesarias para",
      "la aplicación del Sistema.",
      "Ley de la Corte de Cuentas de la República",
      "16",
      "Normas Institucionales"
    ]
  },
  {
    "number": "Art.  25.",
    "content": [
      "- Dentro del marco de las normas y políticas a que se refiere el artículo an-",
      "terior, cada entidad pública que lo considere necesario dictará las normas para el",
      "establecimiento y operación de su propio sistema de control interno.",
      "La Corte verificará la pertinencia y la correcta aplicación de los mismos.",
      "CAPÍTULO III",
      "CONTROL INTERNO",
      "Establecimiento"
    ]
  },
  {
    "number": "Art.  26.",
    "content": [
      "- Cada entidad y organismo del sector público establecerá su propio Sistema",
      "de Control Interno Financiero y Administrativo, previo, concurrente y posterior, para",
      "tener y proveer seguridad razonable:",
      "1) En el cumplimiento de sus objetivos con eficiencia, efectividad, y economía;",
      "2) En la transparencia de la gestión;",
      "3) En la confiabilidad de la información;",
      "4) En la observancia de las normas aplicables.",
      "Distribución"
    ]
  },
  {
    "number": "Art.  27.",
    "content": [
      "- El  Control  Interno  previo  y  concurrente  se  efectuará  por  los  servidores  res-",
      "ponsables  del  trámite  ordinario  de  las  operaciones  y  no  por  unidades  especializa-",
      "das, cuya creación para ese objeto está prohibida.",
      "El Control Interno posterior, que evalúa la efectividad de los otros controles, se hará",
      "profesionalmente por la unidad de auditoría interna, de acuerdo con lo que esta-",
      "blezcan las Normas Técnicas de Auditoría Gubernamental.",
      "Objeciones a Órdenes Superiores"
    ]
  },
  {
    "number": "Art.  28.",
    "content": [
      "- Los servidores al ejercer el control previo financiero o administrativo, analiza-",
      "rán las operaciones propuestas antes de su autorización o ejecución, examinando",
      "su legalidad, veracidad,conveniencia, oportunidad y pertinencia; y podrán objetar,",
      "por escrito, las órdenes de sus superiores, expresando las razones de la objeción.",
      "Si el superior autorizare, por escrito, los servidores cumplirán la orden, pero la respon-",
      "sabilidad caerá en el superior.",
      "Ley de la Corte de Cuentas de la República",
      "17"
    ]
  },
  {
    "number": "Art.  35",
    "content": [
      "de esta Ley, se aplicará a los servidores",
      "que hubieren objetado órdenes superiores.",
      "CAPÍTULO IV",
      "AUDITORÍA GUBERNAMENTAL",
      "SECCIÓN I",
      "EJECUCIÓN, CONTENIDO Y CLASES",
      "Ejecución"
    ]
  },
  {
    "number": "Art.  29.",
    "content": [
      "- En las entidades y organismos del sector público, el control posterior interno",
      "y externo se efectuará mediante la auditoría gubernamental.",
      "Contenido"
    ]
  },
  {
    "number": "Art.  30.",
    "content": [
      "-  La  auditoría  gubernamental  podrá  examinar  y  evaluar  en  las  entidades  y",
      "organismos del sector público:",
      "1) Las transacciones, registros, informes y estados financieros;",
      "2) La legalidad de las transacciones y el cumplimiento de otras disposiciones;",
      "3) El control interno financiero;",
      "4) La planificación, organización, ejecución y control interno administrativo;",
      "5) La eficiencia, efectividad y economía en el uso de los recursos humanos,",
      "ambientales, materiales, financieros y tecnológicos;",
      "6) Los resultados de las operaciones y el cumplimiento de objetivos y metas."
    ]
  },
  {
    "number": "Art.  3",
    "content": [
      ",",
      "la auditoría gubernamental examinará el uso de los recursos públicos.",
      "Clases"
    ]
  },
  {
    "number": "Art.  31.",
    "content": [
      "- La auditoría gubernamental será interna cuando la practiquen las unidades",
      "administrativas pertinentes de las entidades y organismos del sector público; y, exter-",
      "na, cuando la realice la Corte o las Firmas Privadas de conformidad con el Artículo",
      "39 de esta Ley; será financiera cuando incluya los aspectos contenidos en los nume-",
      "rales 1), 2) y 3) del artículo anterior y, operacional cuando se refiera a alguno de los",
      "tres últimos numerales del mismo artículo. El análisis o revisión puntual de cualquiera",
      "de los numerales del artículo anterior se denominará Examen Especial.",
      "Ley de la Corte de Cuentas de la República",
      "18",
      "Personal ejecutor"
    ]
  },
  {
    "number": "Art.  32.",
    "content": [
      "- La auditoría gubernamental será efectuada por profesionales de nivel su-",
      "perior, legalmente autorizados para ejercer en El Salvador. La clase de auditoría a",
      "efectuarse determinará la idoneidad de los conocimientos a exigirse. Los dictáme-",
      "nes sobre estados financieros serán suscritos por contadores públicos inscritos en el",
      "Consejo de Vigilancia de la Contaduría Pública y Auditoría.",
      "Comunicación"
    ]
  },
  {
    "number": "Art.  33.",
    "content": [
      "- En  el  transcurso  del  examen,  los  auditores  gubernamentales,  mantendrán",
      "constante  comunicación  con  los  servidores  de  la  entidad  u  organismo  auditado,",
      "dándoles oportunidad para que presenten pruebas o evidencias documentadas e",
      "información verbal pertinente a los asuntos sometidos a examen.",
      "SECCIÓN II",
      "AUDITORÍA INTERNA",
      "Organización (*)"
    ]
  },
  {
    "number": "Art.  34.",
    "content": [
      "- En las entidades y organismos a que se refiere el inciso primero del",
      "de esta Ley, se establecerá una sola unidad de auditoría interna, bajo la dependen-",
      "cia directa de la máxima autoridad.",
      "La unidad de auditoría interna efectuará auditoría de las operaciones, actividades y",
      "programas de la respectiva entidad u organismo y de sus dependencias.",
      "Se exceptúan de lo establecido en el inciso primero de esta disposición a las entida-",
      "des u organismos del sector público cuyo presupuesto de funcionamiento es inferior",
      "a cinco millones de colones, debiendo en todo caso cumplir con las normas técni-",
      "cas de control Interno, en lo que les fueren aplicables. (*)",
      "(*) El inciso tercero ha sido adicionado mediante D.L. No. 998, D.O. No. 239, Tomo No.",
      "357, del 18 de diciembre de 2002.",
      "Independencia (*)"
    ]
  },
  {
    "number": "Art.  35.",
    "content": [
      "- La  unidad  de  auditoría  interna  tendrá  plena  independencia  fun-",
      "cional.  No  ejercerá  funciones  en  los  procesos  de  administración,  control",
      "previo, aprobación, contabilización o adopción de decisiones dentro de la",
      "entidad.",
      "Ley de la Corte de Cuentas de la República",
      "19",
      "En caso de destitución, traslado o supresión de partida presupuestaria del cargo de",
      "un servidor de la Unidad de Auditoría Interna, deberá razonarse, con expresión de",
      "las causas legales y notificando a la Corte, para efectos de posteriores auditorías. (*)",
      "(*) El segundo inciso ha sido reformado mediante D.L. No. 998, D.O. No. 239, Tomo",
      "No. 357, del 18 de diciembre de 2002.",
      "Coordinación de Labores (*)"
    ]
  },
  {
    "number": "Art.  36.",
    "content": [
      "-  Las  unidades  de  auditoría  interna  presentarán  a  la  Corte,  a  más  tardar  el",
      "treinta y uno de marzo de cada año, su plan de trabajo para el siguiente ejercicio",
      "fiscal y le informarán por escrito de inmediato, de cualquier modificación que se le",
      "hiciere. El incumplimiento a lo anterior, hará incurrir en responsabilidad administrativa",
      "al Jefe de la Unidad de Auditoría Interna.",
      "(*) El presente artículo ha sido reformado mediante D.L. No. 998, D.O. No. 239, Tomo",
      "No. 357, del 18 de diciembre de 2002.",
      "Informes (*)"
    ]
  },
  {
    "number": "Art.  37.",
    "content": [
      "- Los informes de las unidades de auditoría interna serán firmados por los Jefes",
      "de estas unidades y dirigidos a la autoridad de la cual proviene su nombramiento.",
      "Una  copia  de  tales  informes  será  enviada  a  la  Corte,  para  su  análisis,  evaluación,",
      "comprobación e incorporación posterior al correspondiente informe de auditoría.",
      "(*) El presente artículo ha sido reformado mediante D.L. No. 998, D.O. No. 239, Tomo",
      "No. 357, del 18 de diciembre de 2002.",
      "Acceso Irrestricto"
    ]
  },
  {
    "number": "Art.  38.",
    "content": [
      "- Las unidades de auditoría interna y su personal tendrán el acceso irrestricto"
    ]
  },
  {
    "number": "Art.  45.",
    "content": [
      "Ley de la Corte de Cuentas de la República",
      "20",
      "SECCIÓN III",
      "AUDITORÍAS POR FIRMAS PRIVADAS"
    ]
  },
  {
    "number": "Art.  39.",
    "content": [
      "- (*)",
      "(*)  El  inciso  primero  ha  sido  derogado  mediante  D.L.  No.  548,  D.O.  No.  233,  Tomo",
      "No. 413, del 14 de diciembre de 2016.",
      "Las entidades y organismos del sector público sujetos a la jurisdicción de la Corte que",
      "necesiten contratar firmas privadas para la práctica de la auditoría externa de sus",
      "operaciones, aplicarán en lo pertinente esta Ley y el correspondiente Reglamento.",
      "La Corte mantendrá un registro actualizado de firmas privadas de auditoría, de re-",
      "conocida profesionalidad, para los efectos de este artículo.",
      "Observancia de Normas"
    ]
  },
  {
    "number": "Art.  40.",
    "content": [
      "- La firma privada y su personal deberán reunir los requisitos que se especifi-",
      "can en el Reglamento respectivo y en las Normas de Auditoría Gubernamental.",
      "La firma y su personal deberán guardar completa independencia respecto a las",
      "funciones, actividades e intereses de la entidad u organismo sujeto a examen y a sus",
      "funcionarios.",
      "Informes de Firmas Privadas de Auditoría (*)"
    ]
  },
  {
    "number": "Art.  41.",
    "content": [
      "- Las auditorías realizadas por estas firmas, serán supervisadas por la Corte",
      "y los informes resultantes de ellas, estarán sujetos al procedimiento señalado en el"
    ]
  },
  {
    "number": "Art.  37",
    "content": [
      "de esta Ley.",
      "(*) El presente artículo ha sido reformado mediante D.L. No. 998, D.O. No. 239, Tomo",
      "No. 357, del 18 de diciembre de 2002.",
      "(*) El presente artículo ha sido reformado mediante D.L. No. 1147, D.O. No. 46, Tomo",
      "No. 358, del 10 de marzo de 2003.",
      "Ley de la Corte de Cuentas de la República",
      "21",
      "SECCIÓN IV",
      "AUDITORÍA POR LA CORTE DE CUENTAS",
      "Planificación"
    ]
  },
  {
    "number": "Art.  42.",
    "content": [
      "- El ejercicio de la auditoría por la Corte estará sujeto a planificación anual.",
      "Ejecución"
    ]
  },
  {
    "number": "Art.  43.",
    "content": [
      "- La Corte hará auditoría de acuerdo con esta Ley, sus reglamentos y con las",
      "políticas y normas de auditoría gubernamental.",
      "Independencia del Personal de Auditoría"
    ]
  },
  {
    "number": "Art.  44.",
    "content": [
      "- El personal de la auditoría gubernamental de la Corte mantendrá indepen-",
      "dencia plena ante las entidades y organismos sujetos a su control.",
      "Los  Auditores  de  la  Corte  no  podrán  efectuar  labores  de  auditoría  en  entidades  y",
      "organismos para los que prestaron servicios, excepto en calidad de auditor interno,",
      "dentro  de  los  últimos  cinco  años.  Tampoco  podrán  auditar  sobre  actividades  rea-",
      "lizadas  por  sus  parientes  que  estén  dentro  del  cuarto  grado  de  consanguinidad  o",
      "segundo de afinidad ni cuando existan un real o potencial conflicto de intereses.",
      "Acceso Irrestricto (*)"
    ]
  },
  {
    "number": "Art.  45.",
    "content": [
      "- La Corte, sus representantes especiales y los auditores gubernamentales de",
      "la misma, tendrán acceso irrestricto a registros, archivos y documentos que susten-",
      "tan la información e inclusive a las operaciones en sí, en cuanto la naturaleza de la",
      "auditoría lo requiera. (*)",
      "Están facultados también para hacer comparecer testigos y recibir sus declaracio-",
      "nes en las actuaciones que estén dentro de las facultades de la Corte.",
      "Cuando las operaciones o actividades objeto de examen sean clasificadas o reser-",
      "vadas, serán examinadas con ese mismo carácter.",
      "(*)  El  inciso  primero  ha  sido  reformado  mediante  D.L.  No.  548,  D.O.  No.  233,  Tomo",
      "No. 413, del 14 de diciembre de 2016.",
      "Ley de la Corte de Cuentas de la República",
      "22",
      "Informes de Auditoría (*)"
    ]
  },
  {
    "number": "Art.  46.",
    "content": [
      "- Los  informes  de  auditoría  serán  suscritos  por  los  funcionarios  de  la  Corte,",
      "que los reglamentos y las normas determinen. La Corte tendrá la atribución de in-",
      "formar por escrito al Presidente de la República, a la Asamblea Legislativa, y a los",
      "respectivos superiores jerárquicos, de las irregularidades relevantes comprobadas a",
      "cualquier funcionario o empleado público en el manejo de bienes y fondos sujetos",
      "a fiscalización. Estos informes tendrán carácter público, los cuales deberán ser colo-",
      "cados en la página web de la Corte o en cualquier otro medio electrónico, a efecto",
      "de que puedan ser conocidos por cualquier persona. (*)",
      "(*) El presente artículo ha sido reformado mediante D.L. No. 548, D.O. No. 233, Tomo",
      "No. 413, del 14 de diciembre de 2016.",
      "(*) El presente artículo ha sido reformado mediante D.L. No. 1147, D.O. No. 46, Tomo",
      "No. 358, del 10 de marzo de 2003.",
      "SECCIÓN V",
      "RESULTADOS DE LA AUDITORÍA",
      "Comentarios, Conclusiones, Recomendaciones (*)"
    ]
  },
  {
    "number": "Art.  47.",
    "content": [
      "- Los informes tendrán el contenido que los reglamentos y las normas de au-",
      "ditoría establezcan.",
      "Los hallazgos de auditoría, deberán relacionarse y documentarse, para efectos pro-",
      "batorios. (*)",
      "(*) El presente artículo ha sido reformado mediante D.L. No. 998, D.O. No. 239, Tomo",
      "No. 357, del 18 de diciembre de 2002.",
      "Obligatoriedad de las Recomendaciones"
    ]
  },
  {
    "number": "Art.  48.",
    "content": [
      "- Las  recomendaciones  de  auditoría  serán  de  cumplimiento  obligatorio  en",
      "la entidad u organismo, y por tanto, objeto de seguimiento por el control posterior",
      "Interno y externo.",
      "Discrepancias (*)"
    ]
  },
  {
    "number": "Art.  49.",
    "content": [
      "- Las diferencias de opinión entre los auditores gubernamentales y los servido-",
      "res de la entidad u organismo auditado serán resueltas, en lo posible, dentro del cur-",
      "so del examen. De subsistir, aparecerán en el informe, haciéndose constar la opinión",
      "divergente de los servidores.",
      "(*) El presente artículo ha sido reformado mediante D.L. No. 998, D.O. No. 239, Tomo",
      "No. 357, del 18 de diciembre de 2002.",
      "Ley de la Corte de Cuentas de la República",
      "23",
      "CAPÍTULO V",
      "RELACIÓN CON LOS SISTEMAS DE ADMINISTRACIÓN",
      "Relaciones del Sistema"
    ]
  },
  {
    "number": "Art.  50.",
    "content": [
      "- El sistema de control y auditoría de la gestión pública examinará los siguien-",
      "tes sistemas administrativos: Planificación, Inversiones Públicas y Presupuestos, Or-",
      "ganización  Administrativa,  Administración  de  Ingresos,  Tesorería,  Crédito  Público  y",
      "Contabilidad, Contratación Pública, Administración de Bienes y Servicios y Recursos",
      "Humanos.",
      "Presentación de Evaluaciones"
    ]
  },
  {
    "number": "Art.  51.",
    "content": [
      "- Los organismos rectores o encargados de los sistemas administrativos, objeto",
      "de control gubernamental, presentarán a la Corte copia de las evaluaciones perió-",
      "dicas que realicen del funcionamiento de sus propios sistemas, a fin de ser conside-",
      "rados por el control externo posterior.",
      "TÍTULO III",
      "RESPONSABILIDAD PARA LA FUNCIÓN PÚBLICA",
      "CAPÍTULO I",
      "DE LA DETERMINACIÓN DE RESPONSABILIDADES",
      "SECCIÓN I",
      "CLASES DE RESPONSABILIDAD",
      "Presunción de Corrección (*)"
    ]
  },
  {
    "number": "Art.  52.",
    "content": [
      "- Se presume legalmente que las operaciones y actividades de las entidades",
      "y organismos del sector público y sus servidores sujetos a esta Ley, son confiables y",
      "correctas, a menos que haya precedido sentencia ejecutoriada que declare la res-",
      "ponsabilidad, por parte de la Corte.",
      "No será necesario declarar exentas de responsabilidad a las entidades y organismos",
      "ni a sus servidores, salvo cuando hayan sido declarados responsables de irregulari-",
      "dades, perjuicios o desviaciones, por la Corte.",
      "Para optar a cargos públicos o de elección popular se exigirá finiquito de la Corte de",
      "conformidad a la Constitución y las Leyes.",
      "(*)  El  inciso  primero  ha  sido  reformado  mediante  D.L.  No.  998,  D.O.  No.  239,  Tomo",
      "No. 357, del 18 de diciembre de 2002.",
      "Ley de la Corte de Cuentas de la República",
      "24"
    ]
  },
  {
    "number": "Art.  53.",
    "content": [
      "- (*)",
      "(*) El presente artículo ha sido derogado mediante D.L. No. 548, D.O. No. 233, Tomo",
      "No. 413, del 14 de diciembre de 2016.",
      "Responsabilidad Administrativa (*)"
    ]
  },
  {
    "number": "Art.  54.",
    "content": [
      "- La responsabilidad administrativa de los funcionarios y empleados de las en-",
      "tidades y organismos del sector público, se dará por inobservancia de las disposicio-",
      "nes legales y reglamentarias y por el incumplimiento de sus atribuciones, facultades,",
      "funciones y deberes o estipulaciones contractuales, que les competen por razón de",
      "su cargo. La responsabilidad administrativa se sancionará con multa.",
      "(*) El presente artículo ha sido reformado mediante D.L. No. 998, D.O. No. 239, Tomo",
      "No. 357, del 18 de diciembre de 2002.",
      "Responsabilidad Patrimonial (*)"
    ]
  },
  {
    "number": "Art.  55.",
    "content": [
      "- La responsabilidad patrimonial se determinará en forma privativa por la Cor-",
      "te, por el perjuicio económico demostrado en la disminución del patrimonio, sufrido",
      "por la entidad u organismo respectivo, debido a la acción u omisión culposa de sus",
      "servidores o de terceros.",
      "Inciso segundo derogado (*)",
      "(*)  El  segundo  inciso  ha  sido  derogado  mediante  D.L.  No.  998,  D.O.  No.  239,  Tomo",
      "No. 357, del 18 de diciembre de 2002.",
      "(*)  El  segundo  inciso  ha  sido  derogado  mediante  D.L.  No.  1147,  D.O.  No.  46,  Tomo",
      "No. 358, del 10 de marzo de 2003."
    ]
  },
  {
    "number": "Art.  56.",
    "content": [
      "- (*)",
      "(*) El presente artículo ha sido derogado mediante D.L. No. 548, D.O. No. 233, Tomo",
      "No. 413, del 14 de diciembre de 2016.",
      "Ley de la Corte de Cuentas de la República",
      "25",
      "SECCIÓN II",
      "GRADOS DE RESPONSABILIDAD",
      "Responsabilidad directa"
    ]
  },
  {
    "number": "Art.  57.",
    "content": [
      "- Los servidores de las entidades y organismos del sector público que adminis-",
      "tren recursos financieros o tengan a su cargo el uso, registro o custodia de recursos",
      "materiales, serán responsables, hasta por culpa leve de su pérdida y menoscabo.",
      "Responsabilidad Principal"
    ]
  },
  {
    "number": "Art.  58.",
    "content": [
      "- Es responsable principal, quien recibe del Estado un pago sin causa real o",
      "lícita, o en exceso de su derecho, o no liquida en el período previsto, anticipos, prés-",
      "tamos o cualquier otra clase de fondos.",
      "Responsabilidad conjunta o solidaria"
    ]
  },
  {
    "number": "Art.  59.",
    "content": [
      "- Habrá lugar a responsabilidad conjunta cuando dos o más personas aparez-",
      "can como coautores del mismo acto administrativo que haya generado la respon-",
      "sabilidad; será solidaria cuando la Ley lo determine.",
      "Responsabilidad subsidiaria"
    ]
  },
  {
    "number": "Art.  60.",
    "content": [
      "- Ningún servidor público podrá ser relevado de su responsabilidad legal, ale-",
      "gando el cumplimiento de órdenes superiores con respecto al uso ilegal de inmue-"
    ]
  },
  {
    "number": "Art.  28",
    "content": [
      "de",
      "esta Ley y en los incisos siguientes.",
      "El funcionario superior que haya impartido dichas órdenes será el responsable direc-",
      "to por la pérdida, deterioro o daño que sufran las entidades y organismos; el funcio-",
      "nario que hubiere cumplido la orden será subsidiariamente responsable, pero podrá",
      "alegar los beneficios de orden y excusión.",
      "Cuando el responsable subsidiario pagare, se subrogará en los derechos de la enti-",
      "dad y organismo acreedor y podrá repetir el pago contra el responsable principal",
      "por la vía ejecutiva. La copia certificada de la orden y comprobante del pago ten-",
      "drán fuerza ejecutiva.",
      "Responsabilidad por acción u omisión"
    ]
  },
  {
    "number": "Art.  61.",
    "content": [
      "- Los servidores serán responsables no sólo por sus acciones sino cuando dejen",
      "de hacer lo que les obliga la Ley o las funciones de su cargo.",
      "Ley de la Corte de Cuentas de la República",
      "26",
      "CAPÍTULO II",
      "NOTIFICACIONES DE LA CORTE EN LO ADMINISTRATIVO",
      "Notificaciones administrativas (*)"
    ]
  },
  {
    "number": "Art.  62.",
    "content": [
      "- La Corte notificará sus actuaciones a los servidores de las entidades y orga-",
      "nismos del sector público o a terceros, en forma personal por medio de esquela, o",
      "correo certificado en el domicilio del interesado o en su lugar de trabajo.",
      "Cuando se examinen las operaciones de una persona que haya manejado fondos",
      "públicos y ya no ejerciere el cargo por renuncia o cualquier otra causa. La Corte le",
      "notificará de la diligencia. En caso de que el servidor hubiere fallecido y existieren",
      "herederos, la notificación se hará a estos. (*)",
      "En caso de notificaciones por correo certificado, se presumirá legalmente que el ser-",
      "vidor ha recibido la notificación. Transcurridos quince días hábiles contados a partir",
      "de la fecha del recibo de entrega al correo, se tendrá por notificado.",
      "(*) El inciso segundo ha sido reformado mediante D.L. No. 548, D.O. No. 233, Tomo",
      "No. 413, del 14 de diciembre de 2016.",
      "Notificaciones especiales"
    ]
  },
  {
    "number": "Art.  63.",
    "content": [
      "-  Cuando no hubiere domicilio conocido, la notificación se hará mediante",
      "publicación, en uno de los diarios de mayor circulación de la República.",
      "Las notificaciones por la prensa escrita podrán ser individuales o colectivas; conten-",
      "drán la relación del examen, nombres y apellidos de los interesados y los cargos y",
      "períodos de su servicio.",
      "CAPÍTULO III",
      "DE LA GLOSA ADMINISTRATIVA",
      "Remisión de Informe de Auditoría a las Cámaras de Primera Instancia (*)"
    ]
  },
  {
    "number": "Art.  64.",
    "content": [
      "- Emitido y notificado un informe de auditoría, que contenga hallazgos u ob-",
      "servaciones, se remitirá a la Unidad de Recepción y Distribución de Informes de Au-",
      "ditoría de la Corte, dentro del plazo de ocho días hábiles, contados a partir de la",
      "última notificación.",
      "A dicho informe se le anexará una Nota de Antecedentes, cuyo contenido se deta-",
      "llará en el Reglamento respectivo.",
      "Ley de la Corte de Cuentas de la República",
      "27",
      "Recibidos los informes de auditoría, la Unidad antes mencionada, los distribuirá equi-",
      "tativamente,  dentro  de  los  tres  días  hábiles,  contados  a  partir  de  la  fecha  de  su",
      "recibo, entre las Cámaras de Primera Instancia de la Corte, para iniciar el Juicio de",
      "Cuentas.",
      "Los informes de Auditoría en los cuales no existieren hallazgos u observaciones, serán",
      "remitidos a la Unidad que el Reglamento Orgánico Funcional establezca para que,",
      "previo análisis, elabore resolución exonerando a los funcionarios actuantes, la cual",
      "será firmada por el presidente de la Corte o quien haga sus veces. (*)",
      "(*)  En  Resolución  de  los  Procesos  acumulados  de  Amparo  Constitucional  Nos.  11-",
      "97/12-97/1-99, pronunciada por la Sala de lo Constitucional de la Corte Suprema de",
      "Justicia, a las once horas y cincuenta minutos del día dieciséis de julio de 2002, se",
      "declaró inconstitucional en su contenido, de un modo general, los Arts. 8 No. 6 y 64",
      "Inc. 4o. de la Ley de la Corte de Cuentas de la República. Fallo publicado en el D.O.",
      "No. 138, Tomo No. 356, del 25 de julio de 2002.",
      "(*) El presente artículo ha sido reformado mediante D.L. No. 998, D.O. No. 239, Tomo",
      "No. 357, del 18 de diciembre de 2002.",
      "(*)  El  inciso  cuarto  ha  sido  reformado  mediante  D.L.  No.  548,  D.O.  No.  233,  Tomo",
      "No. 413, del 14 de diciembre de 2016.",
      "TÍTULO IV",
      "JUICIO DE CUENTAS",
      "CAPÍTULO I",
      "PRINCIPIOS GENERALES",
      "Independencia de Funcionarios"
    ]
  },
  {
    "number": "Art.  65.",
    "content": [
      "- El Presidente, los Magistrados y Jueces de la Corte de Cuentas de la Repúbli-",
      "ca, en el ejercicio de sus funciones jurisdiccionales son independientes y sólo deben",
      "sometimiento a la Constitución y a las Leyes.",
      "Solamente la Asamblea Legislativa podrá separar de sus cargos al Presidente y Ma-",
      "gistrados de la Corte, por justa causa legalmente comprobada.",
      "Ley de la Corte de Cuentas de la República",
      "28",
      "CAPÍTULO II",
      "PRIMERA INSTANCIA",
      "Inicio del Juicio de Cuentas (*)"
    ]
  },
  {
    "number": "Art.  66.",
    "content": [
      "- Recibido el Informe de Auditoría, por la Cámara de Primera Instancia, pro-",
      "cederá de oficio al Juicio de Cuentas, a efecto de determinar la responsabilidad",
      "patrimonial de los funcionarios, empleados y terceros a que se refiere esta Ley, así",
      "como la responsabilidad administrativa de los dos primeros.",
      "La resolución que ordena proceder al Juicio de Cuentas, será notificada al Fiscal",
      "General de la República, a fin de que se muestre parte en dicho Juicio.",
      "(*) El presente artículo ha sido reformado mediante D.L. No. 998, D.O. No. 239, Tomo",
      "No. 357, del 18 de diciembre de 2002.",
      "Análisis, Emplazamiento y Notificación (*)"
    ]
  },
  {
    "number": "Art.  67.",
    "content": [
      "- La Cámara de Primera Instancia, procederá al análisis del Informe de Au-",
      "ditoría y demás documentos; determinará los reparos atribuibles a cada uno de los",
      "funcionarios y empleados actuantes o a terceros si los hubiere, así como a sus fia-",
      "dores cuando corresponda, emplazándolos para que hagan uso de sus derechos.",
      "(*) El presente artículo ha sido reformado mediante D.L. No. 998, D.O. No. 239, Tomo",
      "No. 357, del 18 de diciembre de 2002.",
      "Contestación, Peticiones y Rebeldía (*)"
    ]
  },
  {
    "number": "Art.  68.",
    "content": [
      "- El plazo para hacer uso de su derecho de defensa, por parte de las perso-",
      "nas emplazadas, será de quince días hábiles, contados a partir del día siguiente a",
      "la fecha de verificado el emplazamiento. Las partes podrán presentar las pruebas",
      "pertinentes en cualquier estado del proceso antes de la sentencia.",
      "Si dentro del plazo antes señalado se pidiere la práctica de diligencias, se realizarán",
      "si fueren procedentes, previa citación legal de las partes y en un tiempo prudencial",
      "que no excederá de treinta días hábiles según el caso.",
      "Transcurrido el plazo establecido en el inciso primero de este artículo, si alguna de las",
      "partes no hubiere hecho uso de ese derecho, será declarada rebelde a petición de",
      "la Fiscalía General de la República o de oficio.",
      "(*) El presente artículo ha sido reformado mediante D.L. No. 998, D.O. No. 239, Tomo",
      "No. 357, del 18 de diciembre de 2002.",
      "Ley de la Corte de Cuentas de la República",
      "29",
      "Sentencia de Primera Instancia (*)"
    ]
  },
  {
    "number": "Art.  69.",
    "content": [
      "-  Si  por  las  explicaciones  dadas,  pruebas  de  descargo  presentadas,  o  por",
      "los resultados de las diligencias practicadas, se considerare que han sido suficiente-",
      "mente desvirtuados los reparos, la Cámara declarará desvanecida la responsabili-",
      "dad consignada en el juicio y absolverá al reparado, aprobando la gestión de éste.",
      "En caso de rebeldía, o cuando a juicio de la Cámara no estuvieren suficientemen-",
      "te  desvanecidos  los  reparos,  ésta  pronunciará  fallo  declarando  la  responsabilidad",
      "administrativa o patrimonial o ambas en su caso, condenando al reparado a pagar",
      "el  monto  de  su  responsabilidad  patrimonial  y  la  multa  correspondiente  cuando  se",
      "tratare de responsabilidad administrativa, quedando pendiente de aprobar su ac-",
      "tuación en tanto no se verifique el cumplimiento de su condena.",
      "Todo lo anterior será previa audiencia, por tres días hábiles, al Fiscal General de la",
      "República.",
      "(*) El presente artículo ha sido reformado mediante D.L. No. 998, D.O. No. 239, Tomo",
      "No. 357, del 18 de diciembre de 2002.",
      "Recursos"
    ]
  },
  {
    "number": "Art.  70.",
    "content": [
      "- La sentencia definitiva pronunciada en primera instancia admitirá los recur-",
      "sos de apelación y de revisión.",
      "La apelación será en ambos efectos y se interpondrá para ante la Cámara de Se-",
      "gunda  Instancia  de  la  Corte.  El  término  para  interponerla  será  de  tres  días  hábiles",
      "contados desde el día siguiente al de la notificación respectiva.",
      "Si no se interpusiere recurso de apelación en tiempo, la Cámara de Primera Instan-",
      "cia, a solicitud de parte o de Oficio, declarará ejecutoriada la sentencia, ordenan-",
      "do en el mismo auto que se libre la ejecutoria correspondiente.",
      "Derecho a explicación o aclaración"
    ]
  },
  {
    "number": "Art.  71.",
    "content": [
      "- Pronunciada la sentencia definitiva, no se revocará ni enmendará por nin-",
      "gún motivo; pero se podrá a pedimento escrito de cualquiera de las partes, presen-",
      "tando dentro de veinticuatro horas de notificada la sentencia, explicar o aclarar",
      "dentro de tres días hábiles, contados desde el día siguiente a la presentación de la",
      "solicitud respectiva.",
      "Si  alguna  de  las  partes  hubiere  solicitado  explicación  o  aclaración  y  otra  hubiere",
      "apelado, se resolverá, previamente sobre la primera.",
      "Ley de la Corte de Cuentas de la República",
      "30",
      "Notificada que sea la resolución sobre la aclaración y pasado el nuevo término para",
      "apelar, se resolverá lo pertinente sobre cualquier apelación pendiente.",
      "CAPÍTULO III",
      "SEGUNDA INSTANCIA",
      "Inicio de la Instancia"
    ]
  },
  {
    "number": "Art.  72.",
    "content": [
      "- Introducido el proceso a la Cámara de Segunda Instancia, si ésta estimare",
      "procedente el recurso, se correrá traslado al apelante para que exprese agravios.",
      "Se correrá traslado al apelado para que conteste la expresión de agravios.",
      "Tanto  para  expresar  agravios  como  para  su  contestación  se  concede  el  término",
      "de ocho días hábiles a cada parte, contados desde el día siguiente al de la última",
      "notificación.",
      "Es permitido al apelado, adherirse a la apelación al contestar la expresión de agra-",
      "vios, cuando la sentencia de primera instancia contenga dos o más partes y alguna",
      "de ellas le sea gravosa; la Cámara concederá nuevo término al apelante para que",
      "a su vez conteste.",
      "Vencidos los términos a que se refieren los incisos anteriores, si ninguna de las partes",
      "hubiere solicitado pruebas, y tampoco la Cámara ordenare alguna diligencia, con",
      "la expresión y contestación, la Cámara dictará sentencia en un plazo de quince días",
      "hábiles contados a partir de la última diligencia practicada.",
      "Sentencia de Segunda Instancia"
    ]
  },
  {
    "number": "Art.  73.",
    "content": [
      "- La sentencia que pronuncie la Cámara de Segunda Instancia confirmará,",
      "reformará, revocará, ampliará o anulará la de primera instancia. Se circunscribirá a",
      "los puntos apelados y aquéllos que debieron haber sido decididos y no lo fueron en",
      "primera instancia, no obstante haber sido propuesto y ventilado por las partes.",
      "La  sentencia  contendrá  la  declaratoria  de  ejecutoriada,  ordenándose  la  expedi-",
      "ción  de  ejecutoria  y  su  envío  al  Fiscal  General  de  la  República,  si  éste  hubiera  de",
      "ejercer alguna acción por razón de ella.",
      "De la sentencia pronunciada podrá pedirse explicación o aclaración como en Pri-",
      "mera Instancia y en los mismos términos.",
      "Ley de la Corte de Cuentas de la República",
      "31",
      "La  pieza  principal  será  devuelta  a  la  Cámara  de  Primera  Instancia  de  origen  con",
      "certificación de la sentencia proveída y del auto aclaratorio o del que negare la",
      "aclaración, en su caso. Esta ordenará que se cumpla la sentencia y enviará el expe-",
      "diente al archivo correspondiente.",
      "Interposición de hecho"
    ]
  },
  {
    "number": "Art.  74.",
    "content": [
      "- Negada la apelación por la Cámara de Primera Instancia debiendo haber-",
      "se  concedido,  podrá  el  apelante  presentarse  a  la  Cámara  de  Segunda  Instancia",
      "dentro de los tres días hábiles, contados desde el siguiente al de la notificación de la",
      "negativa, pidiendo que se le admita el recurso.",
      "La Cámara de Segunda Instancia pedirá los autos, salvo que de la simple lectura de",
      "la solicitud apareciere la inadmisibilidad de la alzada. La Cámara de Primera Instan-",
      "cia enviará los autos a la Segunda Instancia dentro de las veinticuatro horas hábiles.",
      "Procedencia del Recurso"
    ]
  },
  {
    "number": "Art.  75.",
    "content": [
      "- Cuando  la  Cámara  de  Segunda  Instancia  juzgare  haber  sido  denegado",
      "indebidamente el recurso de apelación, ordenará que pasen los autos a la Cámara",
      "de Primera Instancia respectiva, quien hará el emplazamiento a que se refiere el"
    ]
  },
  {
    "number": "Art. 72",
    "content": [
      ", para que las partes ocurran a estar a derecho.",
      "Si  resultare  improcedente  el  recurso  de  hecho,  la  Cámara  de  Segunda  Instancia",
      "resolverá en el acto que el Juicio vuelva a la Cámara de Primera Instancia para que",
      "lleve adelante sus providencias, librando al efecto certificación de lo resuelto.",
      "CAPÍTULO IV",
      "DE LA REVISIÓN DE SENTENCIAS",
      "Sentencias sujetas a Revisión"
    ]
  },
  {
    "number": "Art.  76.",
    "content": [
      "- Las sentencias definitivas ejecutoriadas en Primera o Segunda Instancia, pro-",
      "nunciadas en los juicios de cuentas, pueden ser objeto de revisión por una sola vez,",
      "en los casos siguientes:",
      "1) Por error de cálculo, de nombre, de cargo o función, o de período de ac-",
      "tuación;",
      "2) Si el interesado tuviere nuevos documentos atinentes a los reparos, siempre",
      "que, a Juicio de la Cámara de Segunda Instancia, el motivo de no haber sido",
      "presentados en su oportunidad sea razonable y valedero;",
      "Ley de la Corte de Cuentas de la República",
      "32",
      "3) Que la sentencia se base en documentos declarados judicialmente falsos;",
      "4) Cuando dos o más personas hayan sido condenadas en virtud de fallos o",
      "sentencias contradictorias entre sí por una misma causa;",
      "5) Cuando por el examen de otro movimiento financiero se descubra, en el",
      "que haya sido objeto de la decisión definitiva, errores trascendentales, omisio-",
      "nes de cargo, duplicidad de datos o falsas aplicaciones; de fondos, bienes o",
      "valores públicos;",
      "6) Cuando, en el contenido de la sentencia se hubiere aplicado el método de",
      "cálculos  estimados  y  el  reparado  presentare  posteriormente  los  documentos",
      "que estaba obligado a mostrar o los comprobantes legítimamente admisibles",
      "de aquellos cálculos que tuvieron base presuncional.",
      "También procederá el recurso de revisión cuando se hubiere dictado una sen-",
      "tencia sin aplicar irrestrictamente una Ley más benigna.",
      "Inicio de la Revisión (*)"
    ]
  },
  {
    "number": "Art.  77.",
    "content": [
      "- La revisión podrá iniciarse de oficio o a petición de parte interesada en la",
      "causa, entendiéndose que lo es todo aquél a quien la sentencia perjudica o apro-",
      "vecha, aunque no haya intervenido en el juicio.",
      "Segundo Inciso Derogado (*)",
      "(*)  El  inciso  segundo  ha  sido  derogado  mediante  D.L.  No.  998,  D.O.  No.  239,  Tomo",
      "No. 357, del 18 de diciembre de 2002.",
      "Trámite de la Revisión (*)"
    ]
  },
  {
    "number": "Art.  78.",
    "content": [
      "- La solicitud de revisión se presentará ante la Cámara de Segunda Instancia,",
      "con los documentos que justifiquen el recurso, so pena de inadmisibilidad. Admitida",
      "la solicitud, se mandará a suspender provisionalmente la ejecución de la sentencia, si",
      "fuere oportuno; o se detendrá el envío de la ejecutoria si no se hubiere efectuado. (*)",
      "La Cámara oirá por ocho días hábiles a las partes, incluyendo al Fiscal General de la",
      "República, para que expongan lo pertinente y con lo que éstos digan o en su rebel-",
      "día, se procederá como se dispone en los artículos siguientes.",
      "(*)  El  inciso  primero  ha  sido  reformado  mediante  D.L.  No.  998,  D.O.  No.  239,  Tomo",
      "No. 357, del 18 de diciembre de 2002.",
      "Ley de la Corte de Cuentas de la República",
      "33"
    ]
  },
  {
    "number": "Art.  79.",
    "content": [
      "- En los casos de los numerales 1), 2) y 3) del",
      "rectificará el cálculo erróneo, apreciará los documentos presentados y su admisi-",
      "bilidad, o reconocerá que debe modificarse la sentencia en virtud de la falsedad",
      "probada de los documentos.",
      "La Cámara modificará la sentencia en la parte revisada o la confirmará.",
      "De lo resuelto se extenderá certificación por el Presidente de la Cámara, y se agre-",
      "gará ésta a la ejecutoria correspondiente, la cual quedará así modificada o con-",
      "firmada según el caso. La agregación de tal certificación a la ejecutoria da por",
      "terminada la suspensión de que habla el artículo anterior."
    ]
  },
  {
    "number": "Art.  80.",
    "content": [
      "- En el caso contemplado en el numeral 4) del",
      "declarará si existe o no la contradicción. En caso afirmativo, revocará las sentencias",
      "en las partes contradictorias y pasará los juicios correspondientes a una misma Cá-",
      "mara de Primera Instancia los acumule y los tramite en los aspectos contradictorios.",
      "Si  en  las  sentencias  suspendidas  hubiere  una  parte  no  revocada,  se  agregará  a",
      "cada una de ellas certificación de la sentencia de revisión, para que prosiga la eje-",
      "cución en cuanto a la parte vigente.",
      "La nueva ejecutoria que resulte de los juicios acumulados, se cumplirá independien-",
      "temente de las ejecutorias originalmente expedidas."
    ]
  },
  {
    "number": "Art.  81.",
    "content": [
      "- En los casos del numeral 5) del",
      "Instancia  o  el  funcionario  que  descubra  tales  casos  dará  cuenta  a  la  Cámara  de",
      "Segunda Instancia, la que iniciará la revisión con quienes fueron parte o debieron",
      "serlo  en  el  juicio  que  se  trata  de  revisar,  lo  mismo  que  con  el  Fiscal  General  de  la",
      "República.",
      "Si se estimare que hay motivo de reparo, lo pasará a la Cámara de Primera Instancia",
      "que conoció del juicio en que debió repararse, para que inicie juicio por el nuevo",
      "reparo."
    ]
  },
  {
    "number": "Art.  82.",
    "content": [
      "- En el caso del numeral 6) del",
      "Instancia estimará si son admisibles para revisión los documentos presentados, si los",
      "encontrare admisibles, anulará la sentencia en cuanto ella esté fundada en el mé-",
      "todo de cálculos estimados y remitirá el juicio con los documentos al Presidente de",
      "la Corte, para que éste ordene una nueva auditoría o la intervención jurisdiccional",
      "si  ésta  fuere  pertinente,  como  si  hubiesen  sido  presentados  los  documentos  en  su",
      "oportunidad.",
      "Ley de la Corte de Cuentas de la República",
      "34",
      "Estimación de cuentas o documentos"
    ]
  },
  {
    "number": "Art.  83.",
    "content": [
      "- La estimación de las cuentas o documentos que hagan la Cámara de Se-",
      "gunda Instancia y la revocatoria parcial o total de la sentencia que pronuncie, en",
      "los casos de los Arts. 80 y 81, tendrán como único objeto admitir la revisión y no sig-",
      "nificarán pronunciamiento sobre la legitimidad de aquéllos o su admisibilidad en el",
      "nuevo juicio de cuentas.",
      "Repetición del pago"
    ]
  },
  {
    "number": "Art.  84.",
    "content": [
      "- En los casos en que la revisión se pronuncie en favor del reparado, cuando",
      "ya estuviere cumplida la sentencia original, el Estado devolverá al perjudicado las",
      "cantidades  que  recibió  indebidamente,  quedando  a  salvo  la  acción  de  daños  y",
      "perjuicios que al reparado competa de acuerdo con la Ley.",
      "Plazo de inicio de la Revisión (*)"
    ]
  },
  {
    "number": "Art.  85.",
    "content": [
      "- La Revisión podrá pedirse dentro de los dos años de ejecutoriada la senten-",
      "cia de la cual se solicita el recurso, para cuyo efecto se contará el plazo desde el",
      "día siguiente a aquel en que quedó ejecutoriada.",
      "(*) El presente artículo ha sido reformado mediante D.L. No. 998, D.O. No. 239, Tomo",
      "No. 357, del 18 de diciembre de 2002.",
      "CAPÍTULO V",
      "DISPOSICIONES COMUNES",
      "Sustanciación, impedimentos, recusaciones y excusas"
    ]
  },
  {
    "number": "Art.  86.",
    "content": [
      "- En lo relativo a la sustanciación del juicio de cuentas, discordias de jueces y",
      "votaciones para pronunciar resoluciones, se estará a lo que disponga el reglamento",
      "para el ejercicio de la función jurisdiccional de la Corte.",
      "Los impedimentos, recusaciones y excusas de los Jueces y Magistrados de las Cáma-",
      "ras de la Corte, se regirán en lo que fuere aplicable, por el Código de Procedimien-",
      "tos Civiles, con la salvedad que los relativos a los Jueces de las Cámaras de Primera",
      "Instancia serán resueltos por la Cámara de Segunda Instancia; y los del Presidente y",
      "Magistrados, por los restantes miembros de ésta.",
      "Ley de la Corte de Cuentas de la República",
      "35",
      "Notificaciones (*)"
    ]
  },
  {
    "number": "Art.  87.",
    "content": [
      "- Las resoluciones que se dicten en el Juicio de Cuentas serán notificadas con-",
      "forme lo dispuesto en el Código de Procedimientos Civiles. Al contestar el pliego de",
      "reparos o al apersonarse en cualquier estado del juicio, el interesado deberá señalar",
      "ante la Cámara, lugar para oír notificaciones; caso contrario se le harán saber por",
      "edicto en el tablero de la oficina.",
      "(*)  El  presente  artículo  ha  sido  reformado  mediante  D.L.  No.  998,  D.O.  No.  239,",
      "Tomo No. 357, del 18 de diciembre de 2002.",
      "Emplazamiento al ausente (*)"
    ]
  },
  {
    "number": "Art.  88.",
    "content": [
      "- Cuando se trate de emplazar a un ausente, se publicará un edicto en el Dia-",
      "rio Oficial y en dos periódicos de circulación nacional, citándolo a que se presente a",
      "la Cámara de Primera Instancia respectiva, a recibir la copia del pliego de reparos,",
      "dentro de los cinco días hábiles siguientes a dicha publicación. El edicto contendrá",
      "además del nombre, cargo o función, período correspondiente y suma reparada.",
      "Igual  procedimiento  se  seguirá  cuando  haya  de  emplazarse  o  proseguir  el  juicio",
      "contra los herederos de un reparado, si fueren desconocidos o ausentes.",
      "(*)  El  inciso  primero  ha  sido  reformado  mediante  D.L.  No.  998,  D.O.  No.  239,  Tomo",
      "No. 357, del 18 de diciembre de 2002.",
      "Nombramiento de defensor (*)"
    ]
  },
  {
    "number": "Art.  89.",
    "content": [
      "- Transcurrido el término a que se refiere el artículo anterior, sin que se hubiere",
      "presentado el ausente a recibir la copia del pliego de reparos, la Cámara de Prime-",
      "ra Instancia le nombrará un defensor para que lo represente en el juicio. El defensor",
      "deberá ser Abogado de la República. Aceptado el cargo y rendido juramento, se",
      "le entregará personalmente la copia del pliego de reparos. El defensor cesará en el",
      "cargo al apersonarse en el juicio, el reparado, apoderado o sus herederos.",
      "(*) El presente artículo ha sido reformado mediante D.L. No. 998, D.O. No. 239, Tomo",
      "No. 357, del 18 de diciembre de 2002.",
      "Prueba testimonial"
    ]
  },
  {
    "number": "Art.  90.",
    "content": [
      "- En los juicios de cuentas no será admisible la prueba testimonial, sino cuando",
      "se alegue hechos de fuerza mayor o de caso fortuito, que no puedan establecerse",
      "de otra manera.",
      "Ley de la Corte de Cuentas de la República",
      "36",
      "Para desvanecer el reparo, no bastará la prueba sobre la pérdida de la documenta-",
      "ción; el descargo deberá establecerse por cualquier otro medio supletorio de prue-",
      "ba.",
      "La aceptación o rechazo de este medio de prueba, así como la fuerza probatoria",
      "de las deposiciones, se calificarán por la Cámara actuante en vista de las circuns-",
      "tancias especiales, pudiendo ésta pedir los informes que considere convenientes a",
      "las autoridades o particulares, en relación a los hechos investigados.",
      "Recepción de la prueba testimonial"
    ]
  },
  {
    "number": "Art.  91.",
    "content": [
      "- Para recibir la prueba testimonial se fijará el día y hora en que deberá reci-",
      "birse, con citación de la Fiscalía General de la República y demás partes.",
      "Sobreseimiento definitivo por pago (*)"
    ]
  },
  {
    "number": "Art.  92.",
    "content": [
      "- Cuando mediare pago de las sumas reparadas, más los intereses y multas",
      "que fueren procedentes, podrán las Cámaras, sin necesidad de audiencia a la Fis-",
      "calía General de la República, sobreseer en el procedimiento a favor de los repara-",
      "dos y declarar libres de responsabilidad, en los casos siguientes:",
      "1) A favor del reparado que paga la totalidad del monto del que es único res-",
      "ponsable, o del que paga la parte que le corresponde en el pliego de reparos",
      "formulado contra varios, siempre que la responsabilidad no sea solidaria;",
      "2)  A  favor  del  reparado  que  paga  la  totalidad  de  lo  que  es  responsable  en",
      "un pliego de reparos formulado contra varios, sea su responsabilidad directa",
      "o  subsidiaria,  individual,  conjunta  o  solidaria.  No  obstante  los  liberados  por  el",
      "pago  podrán  solicitar  que  se  prosiga  el  juicio  hasta  que  se  decida  sobre  los",
      "reparos en sentencia definitiva. Esta solicitud deberá presentarse dentro del",
      "término de treinta días hábiles, contados a partir de la última notificación del",
      "auto de sobreseimiento.",
      "Si la solicitud no fuere presentada en los términos descritos, el auto de sobreseimiento",
      "pondrá fin a la instancia.",
      "(*) Los numerales 1) y 2) han sido reformados mediante D.L. No. 998, D.O. No. 239,",
      "Tomo No. 357, del 18 de diciembre de 2002.",
      "(*) El numeral 2) ha sido reformado mediante D.L. No.1147, D.O. No. 46, Tomo No. 358,",
      "del 10 de marzo de 2003.",
      "Ley de la Corte de Cuentas de la República",
      "37",
      "Ejecutorias y Finiquitos (*)"
    ]
  },
  {
    "number": "Art.  93.",
    "content": [
      "- Corresponderá a la Corte, librar ejecutorias en los juicios de cuentas y exten-",
      "der finiquitos. (*)",
      "Las ejecutorias condenatorias se pasarán al Fiscal General de la República para que"
    ]
  },
  {
    "number": "Art.  5",
    "content": [
      "de esta Ley.",
      "La ejecutoria de una sentencia absolutoria comprenderá el preámbulo y las partes",
      "del fallo en que se absuelva y declare libres de responsabilidad a los interesados.",
      "Si la sentencia fuere absolutoria, la Cámara mandará archivar el juicio definitiva-",
      "mente y librará nota al Presidente de la Corte para que, de oficio, extienda el finiqui-",
      "to; si fuere condenatoria, lo mandará archivar provisionalmente, en tanto no haya",
      "sido cumplida la sentencia.",
      "(*)  El  inciso  primero  ha  sido  reformado  mediante  D.L.  No.  548,  D.O.  No.  233,  Tomo",
      "No. 413, del 14 de diciembre de 2016.",
      "Legislación Supletoria"
    ]
  },
  {
    "number": "Art.  94.",
    "content": [
      "- En lo no previsto para el juicio de cuentas se aplicará el Código de Proce-",
      "dimientos Civiles.",
      "TÍTULO V",
      "CAPÍTULO ÚNICO",
      "CADUCIDAD",
      "Caducidad de Atribuciones Administrativas (*)"
    ]
  },
  {
    "number": "Art.  95.",
    "content": [
      "-  Las facultades de la Corte para practicar las acciones de auditoría, para",
      "exigir la presentación de la información financiera juntamente con la documenta-",
      "ción sustentatoria y para expedir el informe de auditoría, caducarán en cinco años,",
      "contados a partir del uno de enero del siguiente año al que tuvieron lugar las ope-",
      "raciones por auditarse.",
      "(*) El presente artículo ha sido reformado mediante D.L. No. 998, D.O. No. 239, Tomo",
      "No. 357, del 18 de diciembre de 2002.",
      "Ley de la Corte de Cuentas de la República",
      "38",
      "Caducidad de Atribuciones Jurisdiccionales (*)"
    ]
  },
  {
    "number": "Art.  96.",
    "content": [
      "- La  facultad  de  las  Cámaras  de  Primera  Instancia  para  pronunciar  la  sen-",
      "tencia respectiva, caducará en dos años contados desde la fecha de recibido el",
      "Informe de Auditoría en la respectiva Cámara de Primera Instancia.",
      "(*) El presente artículo ha sido reformado mediante D.L. No. 998, D.O. No. 239, Tomo",
      "No. 357, del 18 de diciembre de 2002.",
      "Declaratoria de Caducidad"
    ]
  },
  {
    "number": "Art.  97.",
    "content": [
      "- La caducidad será declarada de oficio o a petición de parte, por el Pre-"
    ]
  },
  {
    "number": "Art.  95",
    "content": [
      "de esta Ley; y en los casos del Artículo",
      "anterior, por la Cámara que estuviere conociendo.",
      "Responsables por la caducidad"
    ]
  },
  {
    "number": "Art.  98.",
    "content": [
      "- Declarada  la  caducidad,  se  abrirá  expediente  para  deducir  responsabili-",
      "dades."
    ]
  },
  {
    "number": "Art.  95",
    "content": [
      "de esta Ley corresponderá al Presidente de la Corte; respecto de los Jueces de las"
    ]
  },
  {
    "number": "Art.  96",
    "content": [
      "de la misma, a la Cámara de",
      "Segunda Instancia y respecto al Presidente y Magistrados de la Corte, a la Asamblea",
      "Legislativa.",
      "Si la caducidad se produjere por negligencia o malicia del funcionario respectivo,"
    ]
  },
  {
    "number": "Art.  107",
    "content": [
      "de la presente Ley,",
      "sin perjuicio de las sanciones penales a que hubiere lugar; para este último efecto, se",
      "informará al Fiscal General de la República.",
      "TÍTULO VI",
      "DEBERES, ATRIBUCIONES Y SANCIONES",
      "CAPÍTULO I",
      "DEBERES Y ATRIBUCIONES",
      "Titular de la Entidad u Organismo"
    ]
  },
  {
    "number": "Art.  99.",
    "content": [
      "- La  máxima  autoridad  o  el  titular  de  cada  entidad  u  organismo  del  sector",
      "público tiene los siguientes deberes:",
      "1)  Asegurar  la  implantación,  funcionamiento  y  actualización  de  los  sistemas",
      "administrativos, cuidando de incorporar en ellos el control interno;",
      "Ley de la Corte de Cuentas de la República",
      "39",
      "2)  Asegurar  el  establecimiento  y  fortalecimiento  de  una  unidad  de  auditoría",
      "interna;",
      "3) Asegurar la debida comunicación y colaboración con los auditores guber-",
      "namentales por parte de todos los servidores que estén a su cargo.",
      "Responsabilidad en procesos contractuales"
    ]
  },
  {
    "number": "Art.  100.",
    "content": [
      "- Los funcionarios y empleados que dirijan los procesos previos a la celebra-",
      "ción  de  los  contratos  de  construcción,  suministro,  asesoría  o  servicios  al  gobierno"
    ]
  },
  {
    "number": "Art.  3",
    "content": [
      "de esta Ley, serán responsables por lo",
      "apropiado y aplicable de las especificaciones técnicas y por su legal celebración.",
      "Los encargados de supervisar, controlar, calificar o dirigir la ejecución de tales con-",
      "tratos, responderán por el estricto cumplimiento de los pliegos de especificaciones",
      "técnicas, de las estipulaciones contractuales, programas, presupuestos, costos y pla-",
      "zos previstos.",
      "Su responsabilidad será solidaria con los responsables directos.",
      "Para tales efectos, la Corte ejercerá jurisdicción sobre las personas mencionadas.",
      "Obligaciones del Personal de Auditoría"
    ]
  },
  {
    "number": "Art.  101.",
    "content": [
      "- Quienes realicen auditoría gubernamental deberán cumplir sus funciones",
      "de acuerdo con esta Ley, reglamentos, normas de auditoría y cualesquiera otras dis-",
      "posiciones dictadas por la Corte. Deberán informar de inmediato al Presidente de la",
      "Corte sobre cualquier acto delictivo o falta grave que verifiquen, en el cumplimiento",
      "de sus funciones. Están obligados a guardar reserva sobre los asuntos que conozcan",
      "en razón de ellas.",
      "Responsabilidades de los Administradores de Fondos y Bienes"
    ]
  },
  {
    "number": "Art.  102.",
    "content": [
      "- Los  funcionarios  y  empleados  de  las  entidades  y  organismos  del  sector",
      "público, que recauden, custodien, administren, autoricen, refrenden, avalen, distri-",
      "buyan, registren o controlen fondos, bienes u otros recursos del Estado y de las Insti-",
      "tuciones Autónomas; los liquidadores de ingresos, las personas que reciban anticipos",
      "para hacer pagos por cuenta del sector público; son responsables de verificar que",
      "el proceso de control interno previo se haya cumplido.",
      "Obligaciones de los Servidores Públicos"
    ]
  },
  {
    "number": "Art.  103.",
    "content": [
      "- Los funcionarios y empleados de las entidades y organismos del sector pú-",
      "blico, sujetos al ámbito de esta Ley, están obligados a colaborar con los auditores",
      "gubernamentales,  en  los  términos  que  establezca  el  reglamento  respectivo.  Espe-",
      "cialmente están obligados a comparecer como testigos para proporcionar elemen-",
      "tos de juicio a dichos auditores.",
      "Ley de la Corte de Cuentas de la República",
      "40",
      "La  Corte  o  quienes  practiquen  auditoría  gubernamental  podrán  solicitar  la  aposi-",
      "ción  de  sellos  en  locales  o  muebles,  como  diligencia  previa  a  la  práctica  de  una",
      "auditoría y examen especial.",
      "La  autoridad  competente  para  realizar  la  aposición  de  sellos  serán  los  Jueces  de",
      "Paz.",
      "Obligación de rendir fianza"
    ]
  },
  {
    "number": "Art.  104.",
    "content": [
      "- Los funcionarios y empleados del sector público encargados de la recep-",
      "ción,  control,  custodia  e  inversión  de  fondos  o  valores  públicos,  o  del  manejo  de",
      "bienes públicos, están obligados a rendir fianza a favor del Estado o de la entidad u",
      "organismo respectivo, de acuerdo con la Ley para responder por el fiel cumplimien-",
      "to de sus funciones.",
      "No se dará posesión del cargo, a quien no hubiere dado cumplimiento a este requi-",
      "sito.",
      "Obligaciones de las Instituciones Bancarias"
    ]
  },
  {
    "number": "Art.  105.",
    "content": [
      "- El Banco Central de Reserva y las demás Instituciones de Sistema Financie-",
      "ro están obligadas a proporcionar información, mediante requerimientos y confir-",
      "maciones por escrito, a los auditores gubernamentales, debidamente acreditados",
      "sobre los saldos de cuentas de las entidades y organismos del sector público; de las",
      "operaciones de crédito y de otros servicios bancarios, de los saldos pendientes de",
      "pago.",
      "Están obligados a presentar a las unidades de contabilidad de las entidades y orga-",
      "nismos del sector público; los documentos e informes detallados y completos relati-",
      "vos a la recaudación y pago; la información pertinente de las operaciones financie-",
      "ras realizadas por cuenta de tales entidades y organismos.",
      "Obligaciones de Particulares"
    ]
  },
  {
    "number": "Art.  106.",
    "content": [
      "- Las personas naturales o jurídicas del sector privado, que tengan relaciones",
      "contractuales  con  las  entidades  y  organismos  del  sector  público,  están  obligadas",
      "a  proporcionar  a  los  auditores  gubernamentales,  debidamente  acreditados,  con-",
      "firmaciones por escrito sobre operaciones y transacciones que efectúen o hayan",
      "efectuado  con  la  entidad  u  organismo  sujeto  a  examen  y  atender  sus  citaciones,",
      "convocatorias y solicitudes en el plazo que les señalen.",
      "Las personas naturales o los representantes de las segundas comparecerán a reque-",
      "rimiento escrito de dichos auditores, a declarar como testigos para proporcionarles",
      "elementos de juicio.",
      "Ley de la Corte de Cuentas de la República",
      "41",
      "CAPÍTULO II",
      "SANCIONES",
      "Multas (*)"
    ]
  },
  {
    "number": "Art.  107.",
    "content": [
      "-  La Responsabilidad Administrativa a que se refiere esta Ley, será sancio-",
      "nada por la Corte, con multa, cuya cuantía no podrá ser inferior al diez por ciento",
      "ni mayor a diez veces el sueldo o salario mensual percibido por el responsable, a la",
      "fecha en que se generó la responsabilidad.",
      "Las personas que siendo funcionarios públicos perciban otro tipo de remuneración",
      "de la Administración Pública, o ejercieren un cargo ad-honorem, la multa se impon-",
      "drá graduándola entre el cincuenta por ciento de un salario mínimo mensual hasta",
      "un máximo de ochenta salarios mínimos mensuales. Para la aplicación de las multas",
      "a que se refiere este artículo, se emitirá un reglamento que desarrolle el procedi-",
      "miento correspondiente.",
      "El monto de la multa se determinará, atendiendo la gravedad de la falta, la jerarquía",
      "del  servidor,  la  repercusión  social  o  las  consecuencias  negativas  y  demás  factores",
      "que serán ponderados por la Cámara de Primera Instancia que esté conociendo.",
      "En caso de reincidencia, la multa se incrementará hasta el doble de las cantidades",
      "establecidas, según los incisos primero y segundo de este artículo.",
      "Cuando se declare responsabilidad administrativa al titular de la entidad auditada,",
      "la sentencia también se notificará al respectivo superior jerárquico.",
      "Las multas que se impongan serán canceladas en la Tesorería de la Unidad Financiera",
      "de la entidad auditada, en un plazo que no exceda de treinta días hábiles, contados",
      "a partir del día siguiente a la notificación respectiva.",
      "(*)  El  presente  artículo  ha  sido  reformado  mediante  D.L.  No.  998,  D.O.  239,  Tomo",
      "No. 357, del 18 de diciembre de 2002.",
      "(*)  El  presente  artículo  ha  sido  reformado  mediante  D.L.  No.  1147  del  5  febrero  de",
      "2003, publicado en D.O. No. 46 Tomo No. 358, del 10 de marzo de 2003.",
      "Recaudación de multas"
    ]
  },
  {
    "number": "Art.  108.",
    "content": [
      "- La recaudación de las multas impuestas se hará efectiva de acuerdo con",
      "la Ley, deduciéndolas del sueldo del funcionario o empleado o de cualquiera otra",
      "cantidad que le adeude el Fisco o la entidad pública de que se trate, o por medio",
      "del procedimiento legal para quienes ya no tengan relación de dependencia. Estas",
      "multas ingresarán al Fondo General de la Nación.",
      "Ley de la Corte de Cuentas de la República",
      "42",
      "TÍTULO VII",
      "CAPÍTULO ÚNICO",
      "DISPOSICIONES FINALES",
      "Nulidad de Contratos"
    ]
  },
  {
    "number": "Art.  109.",
    "content": [
      "- Los contratos para cuyo financiamiento se hayan comprometido recursos",
      "públicos, estarán afectados de nulidad absoluta si se celebran sin provisión de recur-",
      "sos financieros, de conformidad con la Ley.",
      "En estos casos, el Presidente de la Corte lo hará saber al Fiscal General de la Repú-",
      "blica para que proceda conforme a la Ley.",
      "Sector Público"
    ]
  },
  {
    "number": "Art.  110.",
    "content": [
      "- Para los efectos de esta Ley, el sector público comprende:",
      "1) Los Órganos e instituciones establecidas, de conformidad a la Constitución",
      "y sus dependencias;",
      "2) Las instituciones autónomas estatales y sus dependencias;",
      "3) Las entidades de derecho público creadas por Ley o decreto ejecutivo;",
      "4)  Las  sociedades  o  empresas  cuyo  capital  esté  integrado  en  el  ciento  por",
      "ciento de aportes de las entidades y organismos determinados en los Numerales",
      "anteriores.",
      "Publicaciones Especiales"
    ]
  },
  {
    "number": "Art.  111.",
    "content": [
      "- La Corte deberá efectuar publicaciones especiales de la presente Ley, sus",
      "reglamentos y normas secundarias de control, para su divulgación en el sector públi-",
      "co.",
      "La recaudación que se obtenga con la venta de las publicaciones se depositará en",
      "Cuenta Especial a favor de la Corte.",
      "Auditoría a la Corte de Cuentas"
    ]
  },
  {
    "number": "Art.  112.",
    "content": [
      "- La auditoría interna de las operaciones de la Corte será responsabilidad de",
      "su unidad de auditoría."
    ]
  },
  {
    "number": "artículo  199",
    "content": [
      "de",
      "la Constitución a la Asamblea Legislativa, ésta con el soporte técnico de una firma",
      "de auditoría debidamente acreditada en el país y seleccionada mediante concur-",
      "Ley de la Corte de Cuentas de la República",
      "43",
      "so público por parte de la Asamblea Legislativa, practicará a la Corte examen de",
      "su situación patrimonial, financiera y de sus actividades operacionales o de gestión.",
      "Sin perjuicio de lo dispuesto en el Inciso Primero de este Artículo, la Corte presentará",
      "a la Asamblea Legislativa copia de todo informe de auditoría que ésta le requiera.",
      "Anticipo para hacer pagos"
    ]
  },
  {
    "number": "Art.  113.",
    "content": [
      "- Cuando la persona que reciba un anticipo para hacer pagos por cuenta",
      "de las entidades y organismos sujetos al ámbito de control de la Corte, no tuviere de",
      "manera permanente la calidad de administrador de fondos o de custodio, la adqui-",
      "rirá respecto al anticipo que se le otorgue, y quedará sujeto a las responsabilidades",
      "que esta Ley establece para ellos.",
      "Consultas (*)"
    ]
  },
  {
    "number": "Art.  114.",
    "content": [
      "- En el desarrollo de sus actividades administrativas, la Corte podrá atender",
      "las consultas, referentes al control de recursos financieros y materiales que le sean",
      "hechas por escrito, por las entidades u organismos del sector público. A la solicitud",
      "se acompañara la opinión de la entidad consultante.",
      "(*) El presente artículo ha sido reformado mediante D.L. No. 998, D.O. No. 239, Tomo",
      "No. 357, del 18 de diciembre de 2002.",
      "Primacía de esta Ley"
    ]
  },
  {
    "number": "Art.  115.",
    "content": [
      "- La presente Ley es especial, de acuerdo al mandato del",
      "Constitución. Sus disposiciones prevalecerán sobre otras de carácter general o espe-",
      "cial. Para su derogación o modificación se la deberá mencionar en forma expresa.",
      "TÍTULO VIII",
      "CAPÍTULO ÚNICO",
      "DEROGATORIAS Y REFORMAS",
      "Derogatorias"
    ]
  },
  {
    "number": "Art.  116.",
    "content": [
      "- Deróganse las siguientes disposiciones legales:",
      "1)  Ley  Orgánica  de  la  Corte  de  Cuentas,  Decreto  No.  101  de  la  Asamblea",
      "Nacional Legislativa, del veintinueve de diciembre de mil novecientos treinta",
      "y nueve, publicado en el Diario Oficial No. 284 de la misma fecha y todas sus",
      "reformas.",
      "2) Los artículos aún vigentes de la Ley de Auditoría, dictada el 21 de mayo de",
      "1930, publicada en el Diario Oficial No. 138 del 19 de junio de 1930.",
      "Ley de la Corte de Cuentas de la República",
      "44",
      "3)  Los  artículos  1  y  5  del  Decreto  Legislativo  No.  302  de  fecha  30  de  julio  de",
      "1992, publicado en el Diario Oficial No. 152, Tomo 316 del 20 de agosto del",
      "mismo año.",
      "Derogatoria y Reforma"
    ]
  },
  {
    "number": "Art.  117.",
    "content": [
      "- Deróganse todas las disposiciones contenidas en otras Leyes que regulen",
      "la organización, fiscalización y procedimiento que debe ejercer la Corte y que con-",
      "tradiga esta Ley.",
      "Registro de Personal"
    ]
  },
  {
    "number": "Art.  118.",
    "content": [
      "- El registro de personal de la administración pública, a partir de la vigencia",
      "de esta Ley pasará al Instituto Nacional de Pensiones de los Empleados Públicos y",
      "al Instituto de Previsión Social de la Fuerza Armada, en un plazo máximo de un año,",
      "contado a partir de la vigencia de esta Ley.",
      "TÍTULO IX",
      "CAPÍTULO ÚNICO",
      "DISPOSICIONES TRANSITORIAS Y VIGENCIAS"
    ]
  },
  {
    "number": "Art.  119.",
    "content": [
      "- Los juicios de cuentas que estuvieren sustanciándose y las cuentas que se",
      "hubieren recibido antes de la vigencia de esta Ley, se tramitarán de conformidad a",
      "la Ley anterior; sin embargo, la Corte deberá liquidar las referidas cuentas en el plazo",
      "de un año, para lo cual observará el siguiente mecanismo: Revisará todas las cuen-",
      "tas, a efecto de determinar la cuantía total de cada una de ellas. La nómina com-",
      "pleta de dichas cuentas se enviará a la Asamblea Legislativa para su conocimiento.",
      "La Corte enviará un reporte trimestral a la Asamblea Legislativa sobre el resultado y",
      "avance de las cuentas examinadas."
    ]
  },
  {
    "number": "Art.  120.",
    "content": [
      "- La  Corte  y  las  entidades  sujetas  a  su  jurisdicción  tendrán  un  período  de",
      "transición de doce meses contados a partir de la vigencia de esta Ley, para la im-",
      "plantación  del  sistema  establecido  en  la  misma,  elaborándose  planes,  métodos  y",
      "procedimientos."
    ]
  },
  {
    "number": "Art.  121",
    "content": [
      "(*).- Se exime de cumplir los requisitos prescritos en el",
      "al personal de auditoría que fuere acreditado como tal por la Corte, hasta después",
      "de cinco años contados a partir de la vigencia de la presente Ley.",
      "Ley de la Corte de Cuentas de la República",
      "45",
      "Para tal acreditación, la Corte evaluará principalmente la preparación académica",
      "y los cursos aprobados, la experiencia práctica demostrada, los resultados obtenidos",
      "en labores de auditoría y el potencial desarrollo profesional de su personal actual.",
      "El personal de la Corte que a la fecha de entrada en vigencia de este Decreto es-",
      "tuvieren ejerciendo funciones de auditoría gubernamental, sin llenar el requisito de"
    ]
  },
  {
    "number": "Art.  32",
    "content": [
      "de",
      "esta Ley, tendrán un plazo de hasta 6 meses para que puedan cumplir con dicha",
      "obligación, debiendo demostrar el interesado su calidad de egresado de un Centro",
      "de Educación Superior legalmente autorizado. Esta disposición será aplicada única",
      "y exclusivamente al personal de la Corte que estuviere ejerciendo funciones de au-",
      "ditoría gubernamental, que hubiesen ingresado a laborar a dicha Institución antes",
      "de la vigencia de la Ley de la Corte. (*)",
      "(*)  El  tercer  inciso  ha  sido  adicionado  mediante  D.L.  No.  84,  D.O.  No.  184,  Tomo",
      "No. 349, del 3 de octubre del 2000.",
      "(*)  El  inciso  tercero  ha  sido  reformado  mediante  D.L.  No.  151,  D.O.  No.  193,  Tomo",
      "No. 361, del 17 de octubre de 2003."
    ]
  },
  {
    "number": "Art.  122.",
    "content": [
      "- El reclutamiento del nuevo personal para el ejercicio de dichas funciones,",
      "por parte de la Corte o de las entidades y organismos del sector público, será efec-",
      "tuado cumpliendo las disposiciones de esta Ley."
    ]
  },
  {
    "number": "Art.  123.",
    "content": [
      "- Para garantizar los derechos de los servidores de la Corte que fueren afec-",
      "tados por esta Ley, la Asamblea Legislativa, en consulta con el Ministerio de Hacien-",
      "da deberá aprobar un decreto que garantice la indemnización."
    ]
  },
  {
    "number": "Art.  124.",
    "content": [
      "- El presente Decreto entrará en vigencia ocho días después de su publica-",
      "ción en el Diario Oficial.",
      "DADO EN EL SALON AZUL DEL PALACIO LEGISLATIVO:",
      "San Salvador, a los treinta y un días del mes de agosto de",
      "mil novecientos noventa y cinco.",
      "MERCEDES GLORIA SALGUERO GROSS,",
      "Presidenta.",
      "ANA GUADALUPE MARTINEZ MENENDEZ,",
      "Vicepresidenta.",
      "Ley de la Corte de Cuentas de la República",
      "46",
      "ALFONSO ARISTIDES ALVARENGA,",
      "Vicepresidente.",
      "JOSE RAFAEL MACHUCA ZELAYA,",
      "Vicepresidente.",
      "JULIO ANTONIO GAMERO QUINTANILLA,",
      "Vicepresidente.",
      "JOSE EDUARDO SANCHO CASTAÑEDA,",
      "Secretario.",
      "GUSTAVO ROGELIO SALINAS OLMEDO,",
      "Secretario.",
      "CARMEN ELENA CALDERON DE ESCALON,",
      "Secretaria.",
      "WALTER RENE ARAUJO MORALES,",
      "Secretario.",
      "RENE MARIO FIGUEROA FIGUEROA,",
      "Secretario.",
      "CASA PRESIDENCIAL:",
      "San Salvador, a los seis días del mes de septiembre",
      "de mil novecientos noventa y cinco.",
      "PUBLÍQUESE.",
      "ARMANDO CALDERON SOL,",
      "Presidente de la República.",
      "MANUEL ENRIQUE HINDS CABRERA,",
      "Ministro de Hacienda.",
      "ENRIQUE BORGO BUSTAMANTE,",
      "Ministro de la Presidencia de la República.",
      "Impreso en Editorial e Impresora Panamericana",
      "Impresión 3,000 ejemplares.",
      "San Salvador, El Salvador.",
      "Mayo 2018.",
      "MISIÓN",
      "• Fiscalizamos  la  administración  de  los  recursos  públicos,  para  contribuir  a  la",
      "transparencia y mejora de la gestión gubernamental.",
      "VISIÓN",
      "• Consolidarnos  como  el  organismo  de  fiscalización  moderno    y  confiable,",
      "comprometido con el fortalecimiento de la gestión pública en El Salvador.",
      "VALORES INSTITUCIONALES",
      "• En la Corte de Cuentas de la República de El Salvador contamos con un conjunto",
      "de valores que han sido adoptados por nuestro personal y, por consiguiente, son",
      "compartidos y deben ser practicados en cada una de nuestras actuaciones y",
      "decisiones:",
      "Independencia",
      "• Cumplir  la  función  de  fiscalización  libre  de  injerencias,  con  apego  a  la",
      "Constitución, leyes y normativa técnica.",
      "Objetividad",
      "• Mantener una conducta imparcial que garantice resultados confiables, basados",
      "en hechos y evidencias, libres de intereses particulares.",
      "Profesionalismo",
      "• Realizar nuestro trabajo de manera técnica, íntegra y efectiva, que garantice la",
      "mejora continua de los procesos institucionales.",
      "Compromiso",
      "• Cumplir con responsabilidad, honestidad y excelencia las funciones establecidas,",
      "para  contribuir  al  fortalecimiento  y  transparencia  de  la  Administración  Pública",
      "en beneficio de la sociedad salvadoreña.",
      "e",
      "•",
      ".,.",
      "Ley de la Corte de Cuentas de la República",
      "50"
    ]
  },
  {
    "number": "Artículo  195",
    "content": [
      "de la Constitución de la República establece: \"La fiscalización",
      "de la Hacienda Pública en general y de la ejecución del Presupuesto en",
      "particular, estará a cargo de un organismo independiente del Órgano",
      "Ejecutivo, que se denominará Corte de Cuentas de la República, y que tendrá",
      "las siguientes atribuciones:",
      "1º. Vigilar la recaudación, la custodia, el compromiso y la erogación de los",
      "fondos públicos; así como la liquidación de impuestos, tasas, derechos y",
      "demás contribuciones, cuando la ley lo determine .",
      "............. cortedecuentas.gob.sv",
      "13a. Calle Poniente y 1 a. Avenida Norte,",
      "San Salvador,",
      "El Salvador, CA"
    ]
  }
]