[
  {
    "number": "Art.  1.",
    "content": [
      "La  presente  ley  tiene  como  objeto  establecer  el  marco  legal  para  el  desarrollo  humano,",
      "protección e inclusión social, que promueva, proteja y garantice el cumplimiento de los derechos de las",
      "personas.",
      "El  Estado  será  el  garante  de  su  aplicación  con  un  enfoque  de  derechos  humanos,  procurando  que  la",
      "población  tenga  acceso  a  los  recursos  básicos  para  la  satisfacción  y  ejercicio de  sus  derechos  y  el",
      "cumplimiento de sus deberes.",
      "Ámbito de aplicación"
    ]
  },
  {
    "number": "Art.  2.",
    "content": [
      "La  presente  ley  se  aplicará  a  toda  la  población,  en  especial  aquellas  personas  en  condición  de",
      "pobreza, vulnerabilidad, exclusión y discriminación, priorizando en las niñas y los niños, las mujeres, los",
      "jóvenes,  las  personas  adultas  mayores,  las  personas  con  discapacidad,  en  abandono,  los  pueblos",
      "indígenas y todos aquellos que no gozan plenamente de sus derechos.",
      "Objetivos"
    ]
  },
  {
    "number": "Art.  3.",
    "content": [
      "La presente ley tiene los siguientes objetivos:",
      "a) Garantizar el goce de los derechos económicos, sociales, culturales y ambientales de la población.",
      "b) Establecer líneas estratégicas para el desarrollo, protección e inclusión social.",
      "c) Contribuir a que toda persona humana goce del derecho a una mejora continua de su nivel de vida.",
      "d) Contribuir a una mejor distribución del ingreso nacional, a una disminución de la desigualdad y a la",
      "reducción sostenida de la pobreza.",
      "e)  Contribuir  a  ampliar  las  capacidades  productivas  de  la  sociedad  en  todos  sus  ámbitos,  poniendo",
      "énfasis en la micro y pequeña empresa y los sectores cooperativos.",
      "f)  Disminuir  progresivamente  la  desigualdad  de  género  y  avanzar  hacia  la  igualdad  sustantiva  entre",
      "mujeres y hombres.",
      "g) Contribuir de manera sostenida a la reducción de las brechas de desigualdad entre los habitantes de",
      "las zonas rurales y urbanas.",
      "LEY DE DESARROLLO Y PROTECCIÓN SOCIAL",
      "MINISTERIO DE EDUCACIÓN DE EL SALVADOR",
      "h)   Combatir   toda   forma   de   discriminación   y   exclusión   social,   promoviendo   la   igualdad   de",
      "oportunidades para el desarrollo de la persona humana y estableciendo políticas para un logro creciente",
      "en la equidad de resultados.",
      "i) Garantizar a la población, una protección social amplia, segura y suficiente, desde una perspectiva de",
      "derechos, especialmente a la población en condiciones más vulnerables y mayor condición de pobreza,",
      "exclusión y desigualdad social.",
      "j)  Establecer  mecanismos  y  procedimientos  para  la  conducción  estratégica  de  la  política  social,  su",
      "coordinación efectiva, así como su institucionalización.",
      "Principios"
    ]
  },
  {
    "number": "Art.  4.",
    "content": [
      "La presente ley se regirá por los siguientes principios:",
      "a) Bien Común.",
      "b) Continuidad.",
      "c) Equidad Social.",
      "d) Exigibilidad.",
      "e) Igualdad Social.",
      "f) Igualdad sustantiva entre mujeres y hombres.",
      "g) Justicia Distributiva.",
      "h) Libertad.",
      "i) No discriminación.",
      "j) Participación ciudadana.",
      "k) Progresividad.",
      "l) Respeto de la diversidad cultural.",
      "m) Solidaridad.",
      "n) Universalidad.",
      "Conceptos y definiciones"
    ]
  },
  {
    "number": "Art.  5.",
    "content": [
      "Para los efectos de esta ley se establecen los siguientes conceptos y definiciones:",
      "Bien Común: Es la suma de las condiciones de vida que permiten y favorecen a los seres humanos su",
      "desarrollo  integral  individual  y  colectivo,  en  donde  no  pueda  excluirse  a  nadie,  argumentando",
      "pertenencia a nación, religión, sexo, raza, convicción política o posición social.",
      "Continuidad: Se refiere a la duración o permanencia del desarrollo de la política social, con el objetivo",
      "de trascender de políticas y programas de gobierno a políticas y programas de Estado.",
      "Equidad Social: Superación de toda forma de desigualdad, exclusión o subordinación social, basada en",
      "roles  de  género,  edad,  características  físicas,  pertenencia  étnica,  preferencia  sexual,  nacionalidad,",
      "discapacidad, práctica religiosa o cualquier otra.",
      "LEY DE DESARROLLO Y PROTECCIÓN SOCIAL",
      "MINISTERIO DE EDUCACIÓN DE EL SALVADOR",
      "Exigibilidad: Derecho de todas las personas para solicitar, en el marco de la política y de las reglas de",
      "los programas, el acceso y goce de los derechos de las personas.",
      "Igualdad Social: Constituye el objetivo principal de la política social y se expresa en la mejora continua",
      "de la distribución  de la riqueza, el ingreso, las oportunidades y en  la disminución  de las brechas  entre",
      "personas, familias, grupos sociales, territorios, así como por sexo y grupos de edad.",
      "Igualdad  Sustantiva  entre  mujeres  y  hombres:  La  plena  igualdad  de  derechos,  oportunidades y",
      "resultados  entre  mujeres  y  hombres,  la  eliminación  de  toda  forma  de  desigualdad,  exclusión  o",
      "subordinación basada  en  los  roles  y  estereotipos  de  género,  que  asegure  una  nueva  relación  de",
      "convivencia social entre mujeres y hombres, desprovista de relaciones de dominación o estigmatización",
      "por sexo.",
      "Justicia  Distributiva:  Aplicación  de  manera  equitativa  de  los  programas  sociales,  priorizando  las",
      "necesidades de los grupos en condiciones de pobreza, exclusión y desigualdad social.",
      "Libertad: Es la facultad natural del ser humano a expresarse y tomar decisiones en lo que respecta a su",
      "estilo  de  vida,  creencias,  valores  y  modos  de  conocimiento,  que  lo  hace  responsable  de  sus  actos  de",
      "acuerdo a los valores universales.",
      "Medición  Multidimensional  de  Pobreza:  Es  la  medición  de  la  pobreza  que  incorpora  varias",
      "dimensiones del desarrollo humano y que parte del reconocimiento de los derechos humanos como la",
      "expresión  de  las necesidades,  valores,  intereses  y  bienes  que,  por su  urgencia  e  importancia,  han sido",
      "considerados fundamentales y comunes a todas las personas.",
      "No  discriminación:  Derecho  de  las  personas,  las  familias  y  comunidades,  a  no  sufrir  la  negación,",
      "exclusión,  distinción,  menoscabo,  impedimento  o  restricción  de  alguno  o  algunos  de  los  derechos",
      "humanos derivados  de  su  nacionalidad,  raza,  sexo,  religión,  identidad  indígena  y  de  género,  edad,",
      "discapacidad, condición jurídica, social o económica, apariencia física, condiciones de salud o cualquier",
      "otra que resulte en violación de los derechos de las personas.",
      "Participación ciudadana: Derecho de las personas, comunidades y organizaciones para participar en",
      "el diseño, seguimiento, ejecución y evaluación de los programas sociales, en el ámbito de las instancias y",
      "procedimientos establecidos para ello.",
      "Pobreza: Es la privación de los recursos, capacidades y acceso  efectivo de las personas  para gozar de",
      "sus derechos y tener una mejora continua de su nivel de vida.",
      "Progresividad:  La  política  de  desarrollo,  inclusión  y  protección  social  busca  alcanzar  los  indicadores",
      "más amplios de bienestar, mediante el incremento del alcance de los programas y servicios públicos, de",
      "la calidad y magnitud de los beneficios y prestaciones y de la profundidad en el ejercicio de los derechos",
      "sociales, económicos, culturales y ambientales.",
      "Respeto  de  la  diversidad  cultural:  Reconocimiento  de  la  condición  pluricultural  de  la  sociedad",
      "salvadoreña y de la diversidad social del país que presupone el reto de construir la igualdad social en el",
      "marco de la diferencia.",
      "Solidaridad:  Es  un  valor  fundamental  requerido  para  unir  a  los  miembros  de  una  sociedad,  con  la",
      "finalidad de llevar a cabo acciones coordinadas enfocadas a la concreción de la igualdad y la justicia.",
      "Universalidad:  Es  el  acceso  de  la  población  al  ejercicio  de  los  derechos  sociales, económicos,",
      "culturales y ambientales, a la inclusión, igualdad de oportunidades, no discriminación y a una creciente",
      "calidad de vida para los habitantes.",
      "LEY DE DESARROLLO Y PROTECCIÓN SOCIAL",
      "MINISTERIO DE EDUCACIÓN DE EL SALVADOR",
      "CAPÍTULO II",
      "DE LA POLÍTICA Y EL PLAN DE DESARROLLO, PROTECCIÓN, INCLUSIÓN E",
      "INVERSIÓN SOCIAL Y PARTICIPACIÓN CIUDADANA",
      "Sección I",
      "De la política de desarrollo, protección e inclusión social",
      "Orientación"
    ]
  },
  {
    "number": "Art.  6.",
    "content": [
      "Para  el  logro  de  los  objetivos  de  la  presente  ley,  deben  establecerse  mecanismos  de",
      "coordinación, articulación    y    complementariedad   de    acciones    intersectoriales    con    todas    las",
      "municipalidades respetando sus competencias, autonomía y con las instituciones públicas y de éstas con",
      "la ciudadanía.",
      "La  política  social  del  Estado,  desde  la  perspectiva  de  los  derechos  humanos,  debe  ser  indivisible,",
      "interdependiente e integral.",
      "Composición"
    ]
  },
  {
    "number": "Art.  7.",
    "content": [
      "El  marco  legal  para  la  política  social  para  el  desarrollo  humano,  está  integrado  por  tres",
      "componentes:",
      "a) Desarrollo económico y social.",
      "b) Protección social.",
      "c) Inclusión social.",
      "Los componentes antes mencionados estarán interrelacionados y serán complementarios entre sí.",
      "Componente de Desarrollo Económico y Social"
    ]
  },
  {
    "number": "Art.  8.",
    "content": [
      "El  componente  de  desarrollo  económico  y  social  propone,  asegurar  el  goce  de  los  derechos",
      "constitucionales que esta ley tutela y el logro progresivo de bienestar para toda la población.",
      "Componente de Protección Social"
    ]
  },
  {
    "number": "Art.  9.",
    "content": [
      "Este  componente,  busca  proteger  a  las  personas  frente  a  los  diferentes  riesgos  y  desafíos  a  lo",
      "largo de su ciclo de vida y reducir las condiciones que generen vulnerabilidad, en concordancia con lo"
    ]
  },
  {
    "number": "artículo  2",
    "content": [
      "de esta ley.",
      "Componente de Inclusión Social"
    ]
  },
  {
    "number": "Art.  10.",
    "content": [
      "El componente de inclusión social busca:",
      "a)  Eliminar  brechas  de  desigualdad  por  razones  de  edad,  sexo,  religión,  identidad  indígena,  género,",
      "discapacidad y nacionalidad.",
      "LEY DE DESARROLLO Y PROTECCIÓN SOCIAL",
      "MINISTERIO DE EDUCACIÓN DE EL SALVADOR",
      "b)  Erradicar  las  prácticas  sociales  e  institucionales  discriminatorias  que  nieguen,  limiten,  impidan  o",
      "menoscaben la dignidad, el derecho a la igualdad de oportunidades y de trato de todas las personas.",
      "c) Fomentar una cultura de paz y de reconocimiento de la diversidad y de los valores democráticos.",
      "Dirección de la política"
    ]
  },
  {
    "number": "Art.  11.",
    "content": [
      "La política social es dirigida por la Presidencia de la República, la que deberá tomar en cuenta",
      "los parámetros establecidos en la presente ley.",
      "Sección II",
      "Del plan de desarrollo",
      "Plan de Desarrollo, Protección e Inclusión Social"
    ]
  },
  {
    "number": "Art.  12.",
    "content": [
      "En el primer semestre de cada período presidencial, se deberá formular y presentar el Plan de",
      "Desarrollo, Protección e Inclusión Social, sus objetivos y propósitos que deberán ser consistentes con",
      "el  Plan General  del  Gobierno  y  que  servirá  de  marco  para  los  programas  sociales  que  se  definan  y",
      "ejecuten.",
      "El Plan de Desarrollo, Protección e Inclusión Social deberá ser aprobado por el Presidente de la",
      "República.",
      "Consulta y participación"
    ]
  },
  {
    "number": "Art.  13.",
    "content": [
      "El Plan de Desarrollo, Protección e Inclusión Social deberá formularse de manera participativa,",
      "garantizando la más amplia consulta y deliberación social, en todos los municipios y departamentos.",
      "Contenido"
    ]
  },
  {
    "number": "Art.  14.",
    "content": [
      "El Plan de Desarrollo, Protección e Inclusión Social deberá incluir lo siguiente:",
      "a) Diagnóstico de la situación social.",
      "b) Principales causas de los problemas identificados.",
      "c) Objetivos estratégicos y específicos.",
      "d) Metas.",
      "e) Alternativas de solución.",
      "f) Monitoreo y evaluación.",
      "g) Mecanismos de coordinación intersectorial y participación social.",
      "h) Mecanismos de transparencia y procedimientos de rendición de cuentas.",
      "Reglas de operación de los programas",
      "LEY DE DESARROLLO Y PROTECCIÓN SOCIAL",
      "MINISTERIO DE EDUCACIÓN DE EL SALVADOR"
    ]
  },
  {
    "number": "Art.  15.",
    "content": [
      "Todos  los  programas  que  se  ejecuten  deberán  estar  armonizados  con  el  Plan  de  Desarrollo,",
      "Protección  e Inclusión  Social y contar con  su respectivo  documento de diseño  conceptual y reglas de",
      "operación,  que  será  aprobado  por  el  organismo  o  la  institución  responsable,  la  que  le  dará  la  debida",
      "difusión.",
      "En el Reglamento de la presente ley, se deberá especificar el contenido de cada uno de los programas.",
      "Difusión"
    ]
  },
  {
    "number": "Art.  16.",
    "content": [
      "El documento de diseño conceptual y reglas de operación, y los requisitos de participación de",
      "cada programa serán de acceso público.",
      "Sección III",
      "Inversión Social",
      "Composición de la inversión social"
    ]
  },
  {
    "number": "Art.  17.",
    "content": [
      "Para  efectos  de  la  presente  ley,  se  entenderá  que  inversión  social  son  los recursos  destinados",
      "por el Órgano Ejecutivo y las municipalidades al desarrollo, la protección y la inclusión social, a través",
      "de  las instituciones  del  Estado  responsables  de  los  programas,  para  lo  cual  se  establecerá  su",
      "correspondiente partida presupuestaria.",
      "Presupuesto"
    ]
  },
  {
    "number": "Art.  18.",
    "content": [
      "El  Órgano  Ejecutivo,  a  través  del  Consejo  de  Ministros,  procurará  que  en  el  proyecto  de",
      "presupuesto  que  envíe  a  la  Asamblea  Legislativa,  la  inversión  social  prevista  sea,  en  lo  posible,  en",
      "términos reales  superior  a  la  del  año  anterior,  tomando  en cuenta  la  situación  económica  y  financiera",
      "del país, desde una perspectiva de progresividad y máxima movilización de los recursos disponibles.",
      "Criterios de priorización"
    ]
  },
  {
    "number": "Art.  19.",
    "content": [
      "En la estructura del presupuesto de inversión social, desde una perspectiva de progresividad y",
      "universalidad,  deberá  priorizarse  el  gasto  para  la  prestación  de  servicios  directos  a  la  población,",
      "procurando la mejora de la calidad de los bienes y servicios, la ampliación de los beneficios que recibe,",
      "así como el mantenimiento, rehabilitación y equipamiento de la infraestructura social.",
      "Sección IV",
      "Participación ciudadana, deliberación y diálogo social",
      "Participación ciudadana"
    ]
  },
  {
    "number": "Art.  20.",
    "content": [
      "La  política  de  desarrollo,  protección  e  inclusión  social  es  participativa  por  lo  que  debe",
      "promover y facilitar los mecanismos para la intervención de la sociedad en la formulación, monitoreo,",
      "seguimiento y evaluación de la misma.",
      "LEY DE DESARROLLO Y PROTECCIÓN SOCIAL",
      "MINISTERIO DE EDUCACIÓN DE EL SALVADOR",
      "Instituciones y procedimientos para la participación"
    ]
  },
  {
    "number": "Art.  21.",
    "content": [
      "Los mecanismos de participación ciudadana se llevarán a cabo a través de la institución que la",
      "Presidencia de la República determine, los cuales deberán desarrollarse en el Reglamento de la presente",
      "ley.",
      "Coordinación de la participación"
    ]
  },
  {
    "number": "Art.  22.",
    "content": [
      "La institución coordinadora establecerá las instancias locales y departamentales de participación",
      "ciudadana,  con  el  propósito  de  señalar  prioridades  locales  de  inversión  social,  dar  seguimiento  a  la",
      "aplicación de  las  políticas  y  programas  sociales  y  formular  propuestas  de  creación,  modificación  o",
      "reorientación de los mismos.",
      "CAPÍTULO III",
      "SISTEMA NACIONAL DE DESARROLLO Y PROTECCIÓN SOCIAL",
      "Sección I",
      "Creación del Sistema y Generalidades",
      "Creación"
    ]
  },
  {
    "number": "Art.  23.",
    "content": [
      "Créase el Sistema Nacional de Desarrollo, Protección e Inclusión Social que en adelante podrá",
      "denominarse el \"Sistema\", cuyo objeto será coordinar la ejecución y cumplimiento de la Política Social.",
      "Dirección y Composición"
    ]
  },
  {
    "number": "Art.  24.",
    "content": [
      "El  Sistema  estará  dirigido  por  la  Presidencia  de  la  República,  y  estará  conformado  por  los",
      "titulares o  sus  representantes  de  los  ramos  de:  Hacienda,  Salud,  Educación,  Economía,  Vivienda  y",
      "Desarrollo  Urbano, Trabajo  y  Previsión  Social,  de  Agricultura  y  Ganadería  y  otros  que  determine  la",
      "Presidencia de la República.",
      "Institución Coordinadora"
    ]
  },
  {
    "number": "Art.  25.",
    "content": [
      "El Presidente de la República designará a la institución pública coordinadora del Sistema.",
      "Atribuciones"
    ]
  },
  {
    "number": "Art.  26.",
    "content": [
      "La institución coordinadora tendrá las siguientes atribuciones:",
      "a) Elaborar la propuesta de Plan de Desarrollo, Protección e Inclusión Social.",
      "b)  Proponer  las  prioridades  en  la  composición  y  distribución  de  los  recursos  presupuestarios",
      "disponibles.",
      "c) Coordinar anualmente con las instancias involucradas, la formulación de la propuesta de presupuesto",
      "para el Plan de Desarrollo, Protección e Inclusión Social y presentarla a las instancias correspondientes.",
      "LEY DE DESARROLLO Y PROTECCIÓN SOCIAL",
      "MINISTERIO DE EDUCACIÓN DE EL SALVADOR",
      "d)  Coordinar, monitorear y emitir lineamientos, que aseguren  la ejecución  correcta, oportuna, eficaz y",
      "eficiente de los programas que integran el Sub Sistema de Protección Social.",
      "e) Proponer al Presidente de la República las medidas que considere pertinentes para el fortalecimiento,",
      "profundización, corrección y reorientación de la política social.",
      "f)  Gestionar, a través de los Ministerios de Relaciones Exteriores o  el de Hacienda, los recursos de la",
      "cooperación internacional para complementar el esfuerzo del Estado en inversión social.",
      "g) Servir de enlace para la participación, la deliberación, la concertación y el diálogo social y establecer",
      "los espacios municipales y departamentales de consulta.",
      "Sección II",
      "Del Subsistema",
      "Coordinación de los programas"
    ]
  },
  {
    "number": "Art.  27.",
    "content": [
      "El  Sistema,  contará  con  un  Subsistema  de  Protección  Social  Universal,  en  adelante  el",
      "Subsistema, que será la instancia de coordinación gubernamental de los programas de protección social",
      "para otorgar seguridad a las personas frente a los riesgos y desafíos que se enfrentan en el ciclo de vida,",
      "particularmente  para  aquellas  que  carecen  de  seguridad  social  contributiva  y  las  que  se  encuentran  en",
      "condiciones de vulnerabilidad económica, social y ambiental.",
      "Dirección del subsistema"
    ]
  },
  {
    "number": "Art.  28.",
    "content": [
      "El Subsistema de Protección Social Universal, será dirigido por el Presidente de la República y",
      "coordinado a través de la institución gubernamental que éste determine.",
      "Progresividad"
    ]
  },
  {
    "number": "Art.  29.",
    "content": [
      "Los programas y acciones del Subsistema se ampliarán, desde una perspectiva de progresividad",
      "y gradualidad, en la búsqueda de la universalidad para garantizar los derechos de todas las personas.",
      "Integración del subsistema"
    ]
  },
  {
    "number": "Art.  30.",
    "content": [
      "Formarán parte del Subsistema los siguientes programas y acciones:",
      "a) Comunidades solidarias, urbanas y rurales.",
      "b) Dotación de uniformes, zapatos y útiles escolares.",
      "c) Alimentación y salud escolar.",
      "d) Vaso de leche.",
      "e) Programa de Apoyo Temporal al Ingreso.",
      "f) Ciudad Mujer.",
      "g) Nuestros Mayores Derechos.",
      "h) Pensión Básica Universal.",
      "LEY DE DESARROLLO Y PROTECCIÓN SOCIAL",
      "MINISTERIO DE EDUCACIÓN DE EL SALVADOR",
      "i) Programa de Agricultura Familiar.",
      "j) Paquetes agrícolas.",
      "k) Acceso y cobertura universal a la salud integral, pública y gratuita.",
      "l) Acceso y mejoramiento de vivienda.",
      "m) Infraestructura social básica.",
      "n) Atención integral a la primera infancia.",
      "o) Otros que se consideren necesarios.",
      "Incorporación de nuevos programas"
    ]
  },
  {
    "number": "Art.  31.",
    "content": [
      "La Presidencia de la República podrá incorporar nuevos programas al Subsistema o modificar",
      "los existentes,  de  acuerdo  a  las  necesidades  que  se  presenten  y  considerando  la  disponibilidad",
      "presupuestaria del Estado.",
      "Consistencia y complementación"
    ]
  },
  {
    "number": "Art.  32.",
    "content": [
      "Los  programas  del  Subsistema,  así  como  los  que  se  incorporen,  deberán  complementarse  y",
      "ajustarse a los principios establecidos en la presente ley, lo cual deberá ser reflejado en el documento de",
      "diseño y reglas de operación.",
      "Cobertura y focalización del Subsistema"
    ]
  },
  {
    "number": "Art.  33.",
    "content": [
      "Cuando, por motivos debidamente justificados, no sea posible la universalidad, la focalización",
      "de los   programas   servirá   como   herramienta   para   garantizar   servicios   diferenciados,   según   las",
      "necesidades específicas y brechas de desigualdad de la población.",
      "Sección III",
      "De los beneficiarios",
      "Identificación de los beneficiarios"
    ]
  },
  {
    "number": "Art.  34.",
    "content": [
      "Se  contará  con  un  mecanismo  de  identificación  de  las  personas  susceptibles  de  recibir",
      "transferencias monetarias  o en  especie, el cual deberá garantizar la objetividad y la  transparencia en  la",
      "operación de los programas.",
      "Derechos de los beneficiarios"
    ]
  },
  {
    "number": "Art.  35.",
    "content": [
      "Las personas beneficiarias de los programas sociales tendrán los siguientes derechos:",
      "a)  Recibir  información  adecuada,  suficiente  y  oportuna,  en  un  lenguaje  claro  por  medios  accesibles,",
      "sobre las características de los programas y los mecanismos de acceso a los mismos.",
      "b)  Recibir  un  trato  amable  y  respetuoso,  así  como  una  atención  expedita  por  parte  de  los  servidores",
      "públicos.",
      "LEY DE DESARROLLO Y PROTECCIÓN SOCIAL",
      "MINISTERIO DE EDUCACIÓN DE EL SALVADOR",
      "c)  Conocer  los  mecanismos  de  participación  ciudadana  y  de  denuncia  por  incumplimiento  de  los",
      "programas.",
      "d) Proponer la creación, modificación o corrección de los programas, y recibir respuesta.",
      "e) Acceder y utilizar los servicios ofrecidos por las instituciones públicas dentro del programa en el que",
      "participan.",
      "f) Recibir un trato igualitario libre de discriminación.",
      "g) Participar en  el programa en  un ambiente libre de violencia, de acoso  sexual y de cualquier tipo  de",
      "abuso de autoridad.",
      "h) Gozar de la protección y confidencialidad de los datos personales.",
      "Revisión de los programas"
    ]
  },
  {
    "number": "Art.  36.",
    "content": [
      "Cada  año  como  máximo,  dando  cumplimiento  a  las  recomendaciones  derivadas  de  las",
      "evaluaciones  internas  y  externas,  deberá  revisarse  la  composición  del  Subsistema  para  determinar",
      "modificaciones a los programas existentes.",
      "Sección IV",
      "Del Comité Intersectorial",
      "Constitución y Composición del Comité Intersectorial"
    ]
  },
  {
    "number": "Art.  37.",
    "content": [
      "Para el  funcionamiento  del  Subsistema,  se  conformará  un  comité  intersectorial,  el  cual  estará",
      "integrado por los titulares de las instituciones que ejecutan programas dentro del Sistema, o su delegado",
      "con poder de decisión.",
      "El comité será presidido por la persona que determine el Presidente de la República.",
      "Atribuciones del Comité Intersectorial"
    ]
  },
  {
    "number": "Art.  38.",
    "content": [
      "En el Reglamento de la presente ley se determinarán las funciones del Comité Intersectorial, así",
      "como la convocatoria y la periodicidad de sus reuniones.",
      "Evaluación de los Programas"
    ]
  },
  {
    "number": "Art.  39.",
    "content": [
      "La  política  social  y  los  programas  que  la  componen  serán  objeto  de  una  evaluación",
      "permanente, rigurosa  y  objetiva,  desde  el  enfoque  de  derechos  y  la generación  de  resultados  con  el",
      "propósito de reforzarla, corregirla o reorientarla.",
      "CAPÍTULO IV",
      "POBREZA MULTIDIMENSIONAL Y BRECHAS DE DESIGUALDAD",
      "Sección Única",
      "Definición, propósito, principios y criterios",
      "LEY DE DESARROLLO Y PROTECCIÓN SOCIAL",
      "MINISTERIO DE EDUCACIÓN DE EL SALVADOR",
      "Propósito"
    ]
  },
  {
    "number": "Art.  40.",
    "content": [
      "El  Sistema Nacional  de  Desarrollo,  Protección e  Inclusión  Social  es  uno  de  los  instrumentos",
      "para la superación de la pobreza desde un enfoque de derechos humanos.",
      "Mediciones de pobreza y desigualdad"
    ]
  },
  {
    "number": "Art.  41.",
    "content": [
      "La  finalidad  de  las  mediciones  es  producir  información  confiable  como  insumo  para  la",
      "formulación y evaluación de las políticas públicas.",
      "Principios"
    ]
  },
  {
    "number": "Art.  42.",
    "content": [
      "La  medición  multidimensional  de  la  pobreza  deberá  ser  pública  y  transparente;  asimismo",
      "basarse en un enfoque de derechos, ser integral y tener rigor técnico.",
      "Criterios"
    ]
  },
  {
    "number": "Art.  43.",
    "content": [
      "La  medición  multidimensional de  la  pobreza  deberá  contener  indicadores  consistentes  con  el",
      "criterio de progresividad y el nivel más alto posible de desarrollo y las mejores prácticas internacionales.",
      "Metodología de la medición"
    ]
  },
  {
    "number": "Art.  44.",
    "content": [
      "La Presidencia de la República, a través de la institución coordinadora del Sistema Nacional de",
      "Desarrollo, Protección e Inclusión Social, creará una instancia de asesoría técnica, encargada de elaborar",
      "la propuesta  metodológica para  la  medición  de  la  pobreza  y  la  desigualdad,  tanto  en  su  dimensión  de",
      "hogares como territorial, en coordinación con la Dirección General de Estadística y Censos.",
      "La medición de pobreza y desigualdad serán elaboradas por la Dirección General de Estadística y",
      "Censos.",
      "Composición"
    ]
  },
  {
    "number": "Art.  45.",
    "content": [
      "La instancia  de  asesoría  técnica  establecida  en  el  artículo  anterior,  estará  integrada  por",
      "profesionales con amplios conocimientos en la materia de medición de la pobreza multidimensional. Se",
      "procurará la paridad de género en su composición.",
      "En el reglamento de la presente ley se especificará las funciones, composición y procedimiento para la",
      "integración de la instancia de asesoría técnica.",
      "Dimensiones de la pobreza"
    ]
  },
  {
    "number": "Art.  46.",
    "content": [
      "Para  la  medición  de  la  pobreza  deberán  utilizarse,  al  menos,  las  dimensiones  de  ingreso  per",
      "cápita  del  hogar,  acceso  a  la  alimentación,  educación,  servicios  de  salud,  empleo,  seguridad  social,",
      "vivienda y servicios básicos.",
      "LEY DE DESARROLLO Y PROTECCIÓN SOCIAL",
      "MINISTERIO DE EDUCACIÓN DE EL SALVADOR",
      "La  definición  de  los  indicadores  se  hará  bajo  propuesta  de  la  instancia  de  asesoría  técnica,  en",
      "coordinación con la Dirección General de Estadística y Censos.",
      "Medición territorial y las brechas de desigualdad"
    ]
  },
  {
    "number": "Art.  47.",
    "content": [
      "La medición territorial de la pobreza y de las brechas de desigualdad, constituyen herramientas",
      "fundamentales   para   la   priorización   en   la   atención   de   necesidades   de   las   personas,   familias   y",
      "comunidades; así  como  para  el  diseño  de  las  políticas  y  programas  para  los  diferentes  municipios  del",
      "país y la reducción de brechas de desigualdad.",
      "Periodicidad"
    ]
  },
  {
    "number": "Art.  48.",
    "content": [
      "La medición  de la pobreza será anual y la medición  territorial y las brechas de desigualdad se",
      "actualizarán cada dos años.",
      "Informe de avance"
    ]
  },
  {
    "number": "Art.  49.",
    "content": [
      "Cada  año  la  instancia  coordinadora,  emitirá  un  informe  a  la  Asamblea  Legislativa,  sobre  el",
      "grado de avance en el goce de los derechos sociales en el país, incorporando los criterios de:",
      "a) Definición del contenido mínimo del derecho.",
      "b) Progresividad.",
      "c) Mecanismos de participación.",
      "d) Máxima movilización de los recursos disponibles.",
      "e) Acceso y accesibilidad a la información y transparencia.",
      "CAPÍTULO V",
      "TRANSPARENCIA, RENDICIÓN DE CUENTAS Y DISPOSICIONES FINALES",
      "Sección Única",
      "Obligación de transparencia",
      "Obligaciones de transparencia para los programas sociales"
    ]
  },
  {
    "number": "Art.  50.",
    "content": [
      "En  el  marco  de  la  Ley  de  Acceso  a la  Información  Pública  y  con  el  fin  de  fortalecer  la",
      "transparencia y la rendición de cuentas de la política de desarrollo, protección e inclusión social, será de",
      "acceso público al menos lo siguiente:",
      "a) Los resultados de las consultas para la elaboración del Programa Social.",
      "b) Los resultados y recomendaciones de las evaluaciones a la política y los programas sociales.",
      "c) El diseño conceptual y las reglas de operación de cada uno de los programas sociales.",
      "LEY DE DESARROLLO Y PROTECCIÓN SOCIAL",
      "MINISTERIO DE EDUCACIÓN DE EL SALVADOR",
      "d)  La  información  agregada  de  los  registros  de  los beneficiarios  de  los  programas  de  transferencias",
      "monetarias  o  de  bienes  materiales,  siempre  y  cuando  no  contengan  información  relativa  a  datos",
      "confidenciales; en todo caso, se respetarán las normas del secreto estadístico.",
      "Integración de instancia técnica"
    ]
  },
  {
    "number": "Art.  51.",
    "content": [
      "La integración de la instancia de asesoría técnica establecida en el",
      "hacerse en un período no mayor a 60 días, contados a partir de su vigencia.",
      "Vigencia"
    ]
  },
  {
    "number": "Art.  52.",
    "content": [
      "La presente ley entrará en vigencia ocho días después de su publicación en el Diario Oficial.",
      "DADO EN EL SALÓN AZUL DEL PALACIO LEGISLATIVO: San Salvador, a los tres días del mes de",
      "abril del año dos mil catorce.",
      "OTHON SIGFRIDO REYES MORALES",
      "PRESIDENTE",
      "ENRIQUE ALBERTO LUIS VALDES SOTO",
      "PRIMER VICEPRESIDENTE",
      "GUILLERMO ANTONIO GALLEGOS",
      "NAVARRETE",
      "SEGUNDO VICEPRESIDENTE",
      "JOSE FRANCISCO MERINO LOPEZ",
      "TERCER VICEPRESIDENTE",
      "FRANCISCO ROBERTO LORENZANA",
      "DURAN",
      "CUARTO VICEPRESIDENTE",
      "CARLOS ARMANDO REYES RAMOS",
      "QUINTO VICEPRESIDENTE",
      "LORENA GUADALUPE PEÑA MENDOZA",
      "PRIMERA SECRETARIA",
      "MANUEL VICENTE MENJIVAR ESQUIVEL",
      "SEGUNDO SECRETARIO",
      "SANDRA MARLENE SALGADO GARCIA",
      "TERCERA SECRETARIA",
      "JOSE RAFAEL MACHUCA ZELAYA",
      "CUARTO SECRETARIO",
      "IRMA LOURDES PALACIOS VASQUEZ",
      "QUINTA SECRETARIA",
      "ERNESTO ANTONIO ANGULO MILLA",
      "SEXTO SECRETARIO",
      "FRANCISCO JOSE ZABLAH SAFIE",
      "SEPTIMO SECRETARIO",
      "JOSE SERAFIN ORANTES RODRIGUEZ",
      "OCTAVO SECRETARIO",
      "CASA PRESIDENCIAL: San Salvador, a los nueve días del mes de abril del año dos mil catorce.",
      "PUBLÍQUESE,",
      "CARLOS MAURICIO FUNES CARTAGENA,",
      "PRESIDENTE DE LA REPÚBLICA.",
      "LEY DE DESARROLLO Y PROTECCIÓN SOCIAL",
      "MINISTERIO DE EDUCACIÓN DE EL SALVADOR",
      "FRANZI HASBÚN BARAKE,",
      "MINISTRO DE EDUCACIÓN AD-HONOREM.",
      "MARÍA ISABEL RODRÍGUEZ VDA. DE SUTTER,",
      "MINISTRA DE SALUD."
    ]
  }
]