[
  {
    "number": "Art.  1.",
    "content": [
      "- La presente Ley tiene por objeto establecer el régimen de equiparación de oportunidades",
      "para las personas con discapacidades físicas, mentales, psicológicas y sensoriales, ya sean",
      "congénitas o adquiridas.",
      "El Consejo Nacional de Atención Integral para las Personas con Discapacidad, que en lo",
      "sucesivo de la presente ley podrá llamarse el Consejo, formulará la política nacional de atención",
      "integral a las personas con discapacidad."
    ]
  },
  {
    "number": "Art.  2.",
    "content": [
      "- La persona con discapacidad tiene derecho:",
      "1. A ser protegida contra toda discriminación, explotación, trato denigrante o abusivo en",
      "razón de su discapacidad.",
      "2. A recibir educación con metodología adecuada que facilite su aprendizaje.",
      "3. A facilidades arquitectónicas de movilidad vial y acceso a los establecimientos",
      "públicos y privados con afluencia de público.",
      "4. A su formación, rehabilitación laboral y profesional.",
      "5. A obtener empleo y ejercer una ocupación remunerada y a no ser despedido en razón",
      "de su discapacidad.",
      "6. A ser atendida por personal idóneo en su rehabilitación integral.",
      "7. A tener acceso a sistemas de becas."
    ]
  },
  {
    "number": "Art.  3.",
    "content": [
      "- A fin de generar igualdad de oportunidades para todos los ciudadanos, el Estado y la",
      "sociedad en general deberán impulsar programas orientados a propiciar la concientización social",
      "sobre los derechos de las personas con discapacidad."
    ]
  },
  {
    "number": "Art.  4.",
    "content": [
      "- La atención integral de la persona con discapacidad se hará efectiva con la participación",
      "y colaboración de su familia, organismos públicos y privados de salud, educación, cultura,",
      "deporte y recreación, de apoyo jurídico, de bienestar social y de trabajo, previsión social, y todas",
      "las demás entidades que dadas sus atribuciones tengan participación en la atención integral.",
      "CAPITULO II",
      "REHABILITACION INTEGRAL"
    ]
  },
  {
    "number": "Art.  5.",
    "content": [
      "- Todas las personas con discapacidad deberán tener acceso a los servicios de",
      "rehabilitación integral."
    ]
  },
  {
    "number": "Art.  6.",
    "content": [
      "- El Estado, a través de las instituciones correspondientes, deberá crear, dotar, educar y",
      "poner en funcionamiento, los servicios e instituciones de rehabilitación y recuperación",
      "necesarios, para atender a la población con discapacidad."
    ]
  },
  {
    "number": "Art.  7.",
    "content": [
      "- La participación de la persona con discapacidad y su familia, deberá ser fomentadas en",
      "todos los establecimientos públicos, privados y las comunidades que desarrollen programas de",
      "rehabilitación."
    ]
  },
  {
    "number": "Art.  8.",
    "content": [
      "- Para el logro de la atención integral, el Estado deberá impulsar acciones encaminadas a",
      "la prevención, detección precoz, diagnóstico oportuno e intervención temprana de",
      "discapacidades."
    ]
  },
  {
    "number": "Art.  9.",
    "content": [
      "- Las instituciones rehabilitadoras deberán formular sus planes de conformidad a la Política",
      "Nacional de Atención Integral que establezca el Consejo."
    ]
  },
  {
    "number": "Art.  10.",
    "content": [
      "- Toda institución que inicie su determinado proceso de rehabilitación, deberá coordinarse",
      "con otras entidades afines que desarrollen programas de seguimiento en servicios de menor",
      "complejidad cercanos al domicilio de los usuarios, o en planes de hogar que complemente su",
      "esfuerzo."
    ]
  },
  {
    "number": "Art.  11.",
    "content": [
      "- Las instituciones del Estado conformarán los equipos de profesionales, que aseguren",
      "una atención multidisciplinaria para cada persona según lo precise, y garanticen su integración",
      "socio-comunitaria.",
      "CAPITULO III",
      "ACCESIBILIDAD"
    ]
  },
  {
    "number": "Art.  12.",
    "content": [
      "- Las entidades responsables de autorizar planos y proyectos de urbanización,",
      "garantizarán que las construcciones nuevas, ampliaciones o remodelaciones de edificios,",
      "parques, aceras, jardines, plazas, vías, servicios sanitarios y otros espacios de propiedad pública",
      "o privada, que impliquen concurrencia o brinden atención al público, eliminen toda barrera que",
      "imposibilite a las personas con discapacidades, el acceso a las mismas y a los servicios que en",
      "ella se presten. En todos estos lugares habrá señalización con los símbolos correspondientes."
    ]
  },
  {
    "number": "Art.  13.",
    "content": [
      "- Los establecimientos públicos o privados, deben contar por lo menos, con un tres por",
      "ciento de espacios destinados expresamente para estacionar vehículos conducidos o que",
      "transporten personas con discapacidad; estos espacios deben estar ubicados cerca de los",
      "accesos de las edificaciones."
    ]
  },
  {
    "number": "Art.  14.",
    "content": [
      "- Los vehículos conducidos o que transporten personas con discapacidad deberán contar",
      "con una identificación y autorización para el transporte y estacionamiento, expedida por las",
      "autoridades competentes en materia de transporte."
    ]
  },
  {
    "number": "Art.  15.",
    "content": [
      "- Los establecimientos públicos o privados deberán procurar que los ascensores cuenten",
      "con facilidades de acceso, manejo, señalización visual, auditiva, y dáctil y con mecanismo de",
      "emergencia, de manera que puedan ser utilizadas por todas las personas."
    ]
  },
  {
    "number": "Art.  16.",
    "content": [
      "- Para garantizar la movilidad y seguridad en el transporte público, deberán establecerse",
      "normas técnicas congruentes a las necesidades de las personas con discapacidad; asimismo, se",
      "acondicionarán los sistemas de señalización y orientación de espacio físico."
    ]
  },
  {
    "number": "Art.  17.",
    "content": [
      "- Las instituciones públicas o privadas procurarán que los programas de información al",
      "público, sean presentados en forma accesible a todas las personas.",
      "CAPITULO IV",
      "EDUCACION"
    ]
  },
  {
    "number": "Art.  18.",
    "content": [
      "- El Estado debe reconocer los principios de igualdad de oportunidades de educación en",
      "todos los niveles educativos para la población con discapacidad, y velará porque la educación de",
      "estas personas constituyen una parte integrante del sistema de enseñanza."
    ]
  },
  {
    "number": "Art.  19.",
    "content": [
      "- Las personas con discapacidades, previa evaluación, podrán integrarse a los sistemas",
      "regulares de enseñanza, los cuales deberán contar con los servicios de apoyo apropiados y",
      "accesibilidad."
    ]
  },
  {
    "number": "Art.  20.",
    "content": [
      "- El Estado fomentará la formación de recursos humanos para brindar formación a",
      "personas con necesidades educativas especiales."
    ]
  },
  {
    "number": "Art.  21.",
    "content": [
      "- El acceso a la educación de las personas con discapacidad deberá facilitarse en el",
      "centro educativo que cuente con recursos especiales más cercano al lugar de residencia de",
      "éstas."
    ]
  },
  {
    "number": "Art.  22.",
    "content": [
      "- A los padres de familia o encargados de estudiantes con discapacidades se les",
      "garantizará el derecho a participar en la organización y evaluación de los servicios educativos.",
      "CAPITULO V",
      "INTEGRACION LABORAL"
    ]
  },
  {
    "number": "Art.  23.",
    "content": [
      "- El sector público y la empresa privada facilitarán la integración laboral a las personas",
      "con discapacidad."
    ]
  },
  {
    "number": "Art.  24.",
    "content": [
      "- Todo patrono privado tiene la obligación de contratar como mínimo por cada veinticinco",
      "trabajadores que tenga a su servicio, a una persona con discapacidad y formación profesional,",
      "apta para desempeñar el puesto de que se trate.",
      "Igual obligación tendrá el Estado y sus dependencias, las instituciones oficiales autónomas, las",
      "municipalidades, inclusive el Instituto Salvadoreño del Seguro Social y la Comisión Hidroeléctrica",
      "del Río Lempa.",
      "Para determinar la proporción de trabajadores establecida en el inciso anterior, se tomará en",
      "cuenta a todos los obreros y empleados de las Instituciones señaladas."
    ]
  },
  {
    "number": "Art.  25.",
    "content": [
      "- Los obligados a contratar los trabajadores a que se refiere el artículo anterior dispondrán",
      "de un año, contado a partir de la vigencia del presente Decreto para cumplir con tal obligación."
    ]
  },
  {
    "number": "artículo  627",
    "content": [
      "del",
      "Código de Trabajo y al procedimiento establecido en la Sección Segunda del Título Unico del",
      "Libro Quinto del mismo Código; sin perjuicio de cumplir en el tiempo que determine el Director",
      "General de Trabajo, con lo establecido en el artículo anterior."
    ]
  },
  {
    "number": "Art.  26.",
    "content": [
      "- Se fomentará el empleo de trabajadores con discapacidad, mediante el establecimiento",
      "de programas de inserción laboral."
    ]
  },
  {
    "number": "Art.  27.",
    "content": [
      "- Los equipos interdisciplinarios de valoración existentes en los centros de rehabilitación",
      "que cuenten con programas de rehabilitación profesional, determinarán en cada caso, mediante",
      "resolución motivada, las posibilidades de integración real y la capacidad de trabajo de personas",
      "con discapacidad.",
      "La evaluación y calificación definitiva será determinada por la institución que atendió el caso",
      "previamente calificado por el Consejo y, tendrá validez en cualquier institución ya sea pública,",
      "privada o autónoma."
    ]
  },
  {
    "number": "Art.  28.",
    "content": [
      "- Corresponde al Ministerio de Trabajo y Previsión Social, a las instituciones de seguridad",
      "social y todas aquellas, públicas o privadas, que tuvieren programas de formación profesional, la",
      "puesta en marcha de los beneficios de sus programas a la población de personas con",
      "discapacidad, de acuerdo con la oferta y demanda del mercado laboral."
    ]
  },
  {
    "number": "Art.  29.",
    "content": [
      "- El Estado a través del Ministerio de Trabajo y otras instituciones especializadas en",
      "rehabilitación profesional para personas con discapacidad dará asesoramiento técnico, a los",
      "empleadores para que puedan adaptar el empleo y el entorno a las condiciones y necesidades",
      "que permitan desarrollar el trabajo."
    ]
  },
  {
    "number": "Art.  30.",
    "content": [
      "- Las instituciones de seguridad social deberán buscar por todos los medios posibles, la",
      "forma para que la atención de sus derechohabientes incluya a las personas con discapacidades",
      "en grado severo, que no sean rehabilitadas y que por lo tanto tengan que depender",
      "económicamente de por vida de otra persona, para que sean beneficiarios de pensión de",
      "orfandad ya sea del padre, de la madre o de ambos, en cuyo caso tendrán derecho a ambas,",
      "siempre que cada uno de ellos hubiere adquirido individualmente el derecho a pensión.",
      "Lo establecido en el inciso anterior, es sin perjuicio de los derechos establecidos por la",
      "Constitución y demás leyes, en favor de otras personas."
    ]
  },
  {
    "number": "Art.  31.",
    "content": [
      "- Cuando un asegurado, tenga beneficiarios con discapacidades ya sean congénitas o",
      "adquiridas no rehabilitables, éstos tendrán derecho a recibir del Instituto Salvadoreño del Seguro",
      "Social o de la institución que haga sus veces, los servicios de salud mientras dure la relación",
      "laboral de aquél."
    ]
  },
  {
    "number": "Art.  32.",
    "content": [
      "- En las actividades sociales y comunitarias de las personas con discapacidad, el",
      "personal profesional que les atiende, sus familiares y municipalidades deberán promover su",
      "plena integración eliminando las barreras sociales."
    ]
  },
  {
    "number": "Art.  33.",
    "content": [
      "- Los padres o encargados de los menores con discapacidad propiciarán su rehabilitación",
      "desde las edades tempranas, haciendo prevalecer los derechos de éstos, no ocultándoles ni",
      "negándoles dicha rehabilitación. Así mismo, deberán orientarlos y apoyarlos para que los hijos",
      "no asuman actitudes destructivas en su integridad física, psíquica y social.",
      "CAPITULO VI",
      "DISPOSICIONES GENERALES"
    ]
  },
  {
    "number": "Art.  34.",
    "content": [
      "- El Estado a través de sus diferentes instituciones, deberá apoyar al ente rector o",
      "coordinador, para que lleve un registro actualizado a nivel nacional de las personas con",
      "discapacidad."
    ]
  },
  {
    "number": "Art.  35.",
    "content": [
      "- El Presidente de la República dictará el Reglamento de la presente Ley, para facilitar y",
      "asegurar la aplicación de la misma en un plazo no mayor de ciento ochenta días, contados a",
      "partir de su vigencia."
    ]
  },
  {
    "number": "Art.  36.",
    "content": [
      "- El Consejo, será el ente Rector de la Política Nacional de Atención Integral a las",
      "Personas con Discapacidad y coordinará las acciones desarrolladas por los diversos sectores en",
      "beneficio de las personas con discapacidad."
    ]
  },
  {
    "number": "Art.  37.",
    "content": [
      "- Derógase el Decreto Legislativo 247 de fecha 31 de octubre de 1984, publicado en el",
      "Diario Oficial No. 207, Tomo No. 285, del siete de noviembre del mismo año, así como también",
      "cualquiera otra disposición que se oponga a las contenidas en la presente Ley."
    ]
  },
  {
    "number": "Art.  38.",
    "content": [
      "- El presente Decreto entrará en vigencia ocho días después de su publicación en el",
      "Diario Oficial.",
      "DADO EN EL SALON AZUL DE LA ASAMBLEA LEGISLATIVA: San Salvador, a los veintisiete",
      "días del mes de abril del año dos mil.",
      "JUAN DUCH MARTINEZ,",
      "PRESIDENTE.",
      "GERSON MARTINEZ,",
      "PRIMER VICEPRESIDENTE.",
      "CIRO CRUZ ZEPEDA PEÑA,",
      "SEGUNDO VICEPRESIDENTE.",
      "RONAL UMAÑA,",
      "TERCER VICEPRESIDENTE.",
      "NORMA FIDELIA GUEVARA DE RAMIRIOS,",
      "CUARTA VICEPRESIDENTA.",
      "JULIO ANTONIO GAMERO QUINTANILLA,",
      "PRIMER SECRETARIO.",
      "JOSE RAFAEL MACHUCA ZELAYA,",
      "SEGUNDO SECRETARIO.",
      "ALFONSO ARISTIDES ALVARENGA,",
      "TERCER SECRETARIO.",
      "GERARDO ANTONIO SUVILLAGA GARCIA,",
      "CUARTO SECRETARIO.",
      "ELVIA VIOLETA MENJIVAR,",
      "QUINTA SECRETARIA.",
      "JORGE ALBERTO VILLACORTA MUÑOZ,",
      "SEXTO SECRETARIO.",
      "CASA PRESIDENCIAL: San Salvador, a los dos días del mes de mayo del año dos mil.",
      "PUBLIQUESE,",
      "FRANCISCO GUILLERMO FLORES PEREZ,",
      "Presidente de la República.",
      "JORGE ISIDORO NIETO MENENDEZ,",
      "Ministro de Trabajo y Previsión Social.",
      "D.L. N° 888, del 27 de abril del 2000, publicado en el D.O. N° 95, Tomo 347, del 24 de mayo de",
      "2000."
    ]
  }
]