[
  {
    "number": "artículo  198",
    "content": [
      ", el aguinaldo varía según la antigüedad",
      "del empleado: 15 días de salario para 1 a 3 años de servicio, 19 días para 3 a 10 años, y 21 días para m",
      "ás de 10 años. Estos cálculos se realizan usando el salario actual del empleado.",
      "4. Cálculo del Aguinaldo para Salarios Variables. En casos donde el empleado no tiene un salario fijo, co",
      "mo vendedores o promotores, el aguinaldo se calcula con base en los últimos seis salarios promedio. Est",
      "o incluye comisiones y otras prestaciones, asegurando una compensación justa acorde con las leyes lab",
      "orales.",
      "5. Periodo de Pago del Aguinaldo. El aguinaldo debe pagarse entre el 12 y el 20 de diciembre de cada añ",
      "o, según lo estipulado en el Código de Trabajo. Este periodo permite que los trabajadores reciban su agui",
      "naldo a tiempo para las festividades navideñas."
    ]
  },
  {
    "number": "artículo  201",
    "content": [
      "del Código de Trabajo establ",
      "ece que ningún trabajador perderá su derecho al aguinaldo por razones disciplinarias o inasistencias. Est",
      "a es una protección importante dentro de las leyes laborales salvadoreñas."
    ]
  },
  {
    "number": "artículo  202",
    "content": [
      ", si un contrato de trabajo termin",
      "a antes del 12 de diciembre, el empleado tiene derecho a una remuneración proporcional de aguinaldo, c",
      "alculada en base al tiempo trabajado ese año.",
      "8. Ejemplos de Cálculo de Aguinaldo. Los ejemplos ilustran cómo calcular el aguinaldo para diferentes es",
      "cenarios, incluyendo empleados con diferentes períodos de servicio y aquellos con contratos terminados",
      "antes del 12 de diciembre.",
      "9. Aguinaldos y Exenciones Fiscales. Históricamente, ciertos montos de aguinaldo han estado exentos d",
      "e impuesto sobre la renta. En 2012, aguinaldos hasta un cierto monto estuvieron exentos, y en 2021, est",
      "a exención se extendió a aguinaldos menores a $1,100."
    ]
  }
]