[
  {
    "number": "ARTICULO  1.",
    "content": [
      "El objeto general de esta Ley es establecer las bases para",
      "simplificar y racionalizar los procedimientos administrativos a fin de garantizar que",
      "todos los Ûrganos del Estado act ̇en con apego a las normas de economÌa,",
      "celeridad, eficacia y espÌritu de servicio, logrando la pronta y efectiva satisfacciÛn",
      "de los interesados."
    ]
  },
  {
    "number": "ARTICULO  2.",
    "content": [
      "El proceso de simplificaciÛn administrativa tiene como objetivos",
      "especÌficos:",
      "1) Eliminar normas innecesarias o reiterativas que obstaculizan los procesos",
      "administrativos, impidan racionalizar la prestaciÛn de servicios p ̇blicos y",
      "alienten la ineficiencia y conductas contrarias al interÈs p ̇blico;",
      "2) Clarificar y disminuir en lo posible jerarqu",
      "Ìas o lÌneas de responsabilidad",
      "entre quienes, de conformidad con la ley, intervienen en la prestaciÛn de",
      "id6375046 pdfMachine by Broadgun Software  - a great PDF writer!  - a great PDF creator! - http://www.pdfmachine.com  http://www.broadgun.com",
      "servicios con facultades de autorizar, controlar y operar, para que no se",
      "demore ni entorpezca la toma de decisiones;",
      "3) Reducir la multiplicidad de unidades ejecutoras de servicios administrativos",
      "y de apoyo; y,",
      "4) Eliminar la arbitrariedad en la toma de decisiones mediante la difusi",
      "Ûn",
      "amplia y oportuna de los procedimientos y tr·mites administrativos, con la",
      "finalidad de evitar la exigencia de requisitos indebidos, alteraciÛn de",
      "tr·mites y plazos legalmente establecidos",
      "CAPITULO II",
      "DISPOSICIONES GENERALES"
    ]
  },
  {
    "number": "ARTICULO  3.",
    "content": [
      "Todo Ûrgano del Estado, deber· poner en pr·ctica programas",
      "relacionados con la sistematizaciÛn y automatizaciÛn del manejo de la informaciÛn",
      "p ̇blica, de tal manera que se asegure el acceso constante y actualizado de la",
      "misma por parte de los administrados.",
      "Se except",
      "̇a de lo anterior, la informaciÛn cuyo acceso estÈ expresamente",
      "prohibido o limitado por las leyes"
    ]
  },
  {
    "number": "ARTICULO  4.",
    "content": [
      "Ning ̇n Ûrgano del Estado podr· exigir de los particulares,",
      "certificaciones, constancias o documentos similares u an·logos para acreditar",
      "extremos que consten o deban constar en los registros o archivos del mismo",
      "Ûrgano."
    ]
  },
  {
    "number": "ARTICULO  5",
    "content": [
      ". Todo Ûrgano del Estado, deber· contar con los mecanismos o",
      "instrumentos idÛneos para informar al p ̇blico sobre:",
      "1) Los distintos tr",
      "·mites y gestiones que se realicen en sus dependencias, asÌ",
      "como formularios e instructivos necesarios para evacuar dichos tr·mites; y,",
      "2) Los lugares en que puedan efectuarse los pagos por cobros oficiales, las",
      "modalidades y montos aplicables a dichos tr·mites y gestiones.",
      "De igual manera, deber",
      "·n informar acerca de las leyes y reglamentos aplicables a",
      "cada tr·mite o gestiÛn, asÌ como las dem·s disposiciones legalmente adoptadas y",
      "que deban observarse"
    ]
  },
  {
    "number": "ARTICULO  6.",
    "content": [
      "Todo Ûrgano del Estado tiene la obligaciÛn de realizar,",
      "permanentemente, diagnÛsticos y an·lisis sobre los diferentes tr·mites y",
      "procedimientos administrativos que deban seguirse en sus dependencias, a fin de",
      "diseÒar medidas de simplificaciÛn las cuales deber·n ser adoptadas de acuerdo a",
      "los objetivos de la presente Ley."
    ]
  },
  {
    "number": "ARTICULO  7.",
    "content": [
      "Todo formulario, instructivo y documento similar que los Ûrganos del",
      "Estado pongan a la disposiciÛn del p ̇blico, debe ser elaborado en lenguaje",
      "preciso, sencillo y claro; adem·s, deber· especificar si es necesario o no la",
      "intervenciÛn de apoderado legal asÌ como las distintas opciones para la",
      "presentaciÛn de documentos originales, autenticados o copias.",
      "En todo caso, dichos documentos, deber",
      "·n hacer expresa menciÛn del contenido",
      "y alcance de los artÌculos 53, 56 y 63 de la Ley de Procedimiento Administrativo,",
      "contenida en el Decreto No. 152 87 de fecha 28 de septiembre de 1987 y sus",
      "reformas.",
      "CAPITULO III",
      "REFORMAS AL CODIGO DE COMERCIO"
    ]
  },
  {
    "number": "ARTICULO  8.",
    "content": [
      "Reformar los ArtÌculos 15, 22, 24, 36, 89, 92, 308, 309, 310, 388,",
      "398, 403, 431, 432, 433, 435, 441, 446 y 448 del CÛdigo de Comercio, contenido",
      "en el Decreto No. 73 de fecha 16 de febrero de 1949, los que en adelante deber·n",
      "leerse asÌ:"
    ]
  },
  {
    "number": "ARTICULO  15.",
    "content": [
      "Otorgada la Escritura P ̇blica de ConstituciÛn, o la de",
      "reforma o adiciones, el respectivo testimonio deber· inscribirse en el",
      "Registro P ̇blico de Comercio.",
      "Todo notario que autorice o protocolice las distintas actuaciones a que se",
      "refiere este ArtÌculo, est· en la obligaciÛn de advertir a los otorgantes sobre",
      "la obligaciÛn de inscribir el instrumento en el Registro P ̇blico de Comercio,",
      "indic·ndoles los efectos legales de la inscripciÛn y las sanciones que la ley",
      "impone por la omisiÛn de esta formalidad.",
      "Las sociedades inscritas en el Registro P",
      "̇blico de Comercio tendr·n",
      "personalidad jurÌdica y no podr·n ser declaradas inexistentes o nulas con",
      "efectos retroactivos.",
      "Declarada la inexistencia o nulidad de] acto constitutivo, se proceder",
      "· a la",
      "disoluciÛn y liquidaciÛn de la sociedad.",
      "La ineficacia de la declaraci",
      "Ûn de voluntad de alg ̇n socio se considerar·",
      "como causa de separaciÛn a favor del mismo el que tendr· adem·s los",
      "derechos que le correspondan seg ̇n la legislaciÛn com ̇n.",
      "En el caso anterior, la separaci",
      "Ûn de un socio podr· ser causa de la",
      "disoluciÛn de la sociedad, de acuerdo con las disposiciones de este CÛdigo."
    ]
  },
  {
    "number": "ARTICULO  22.",
    "content": [
      "Toda sociedad podr· aumentar o disminuir su capital.",
      "El aumento del capital requerir· el consentimiento de los socios, dado en la",
      "forma correspondiente a la clase de sociedad de que se trate.",
      "El aumento del capital por revaloraci",
      "Ûn del patrimonio es lÌcito, pero su",
      "importe constituir· una reserva de la que no podr· disponer la sociedad",
      "sino cuando se enajenen los bienes revalorados y se perciba en efectivo el",
      "importe de su plusvalÌa.",
      "Todo aumento o reducci",
      "Ûn de capital debe publicarse e inscribirse en el",
      "Registro P ̇blico de Comercio.",
      "Los acreedores de la sociedad, separada o conjuntamente, podr",
      "·n",
      "oponerse ante la autoridad judicial a dicha reducciÛn, desde el dÌa en que",
      "se haya tomado la decisiÛn por la sociedad hasta treinta (30) dÌas despuÈs",
      "de la  ̇ltima publicaciÛn, suspendiÈndose la reducciÛn entre tanto la",
      "sociedad no pague los crÈditos de los opositores, o no los garantice a",
      "satisfacciÛn del juez que conozca del asunto, o hasta que cause ejecutoria",
      "la sentencia que declare infundada la oposiciÛn."
    ]
  },
  {
    "number": "ARTICULO  24.",
    "content": [
      "Ser·n admisibles como aportaciones todos los bienes que",
      "tengan un valor econÛmico, que se expresar· en moneda nacional.",
      "No es l",
      "Ìcita la aportaciÛn de trabajo en las sociedades de capital. La simple",
      "asunciÛn de responsabilidad no es v·lida como aportaciÛn.",
      "Salvo pacto en contrario, las aportaciones de bienes distintos del dinero, se",
      "entender·n traslativas de dominio. El riesgo de los mismos estar· a cargo",
      "de la sociedad desde que se haga la entrega.",
      "En la escritura constitutiva, se expresar",
      "· el criterio seguido por la valoraciÛn",
      "de los bienes distintos del dinero. La valoraciÛn ser· hecha y certificada por",
      "uno o varios peritos designados en el orden de prelaciÛn siguiente:",
      "1) Por los interesados;",
      "2) Por un tercero;",
      "3) Por el",
      "Ûrgano jurisdiccional competente."
    ]
  },
  {
    "number": "ARTICULO  36.",
    "content": [
      "Las sociedades deber·n dejar constancia escrita de todas",
      "las actuaciones y decisiones adoptadas en las asambleas de socios y",
      "sesiones de sus administradores, cuando act ̇en en consejo o junta. Las",
      "actas donde consten dichas actuaciones y decisiones deber·n ser firmadas",
      "por el presidente y el secretario asÌ como por los comisarios que concurran",
      "en los casos pertinentes.",
      "Las actas podr",
      "·n ser llevadas en hojas sueltas, constar en libros o en",
      "cualquier otro medio que garantice su integridad y perpetuidad."
    ]
  },
  {
    "number": "ARTICULO  89.",
    "content": [
      "Son aplicables a las Sociedades de Responsabilidad",
      "Limitada, las disposiciones de los ArtÌculos 39, 41, 42, 43, 46 p·rrafo",
      "tercero, 51, 52, 53, 95, 96 y 117 p·rrafo segundo de este CÛdigo."
    ]
  },
  {
    "number": "ARTICULO  92.",
    "content": [
      "Para proceder a la constituciÛn de una Sociedad AnÛnima,",
      "se requiere:",
      "I. Que hayan dos socios como m",
      "Ìnimo, y que cada uno de ellos",
      "suscriba una acciÛn, por lo menos.",
      "II. Que el capital social no sea menor de veinticinco mil Lempiras",
      "(Lps.25,000.00) y que estÈ Ìntegramente suscrito;",
      "III. Que se exhiba en dinero efectivo cuando menos el veinticinco por",
      "ciento (25%) del valor de cada acciÛn pagadera en numerario; y,",
      "IV Que se exhiba",
      "Ìntegramente el valor de cada acciÛn que haya de",
      "pagarse en todo o en parte, con bienes distintos del dinero.",
      "En todo caso, deber",
      "· estar Ìntegramente exhibida una cantidad igual a lo",
      "seÒalado en la fracciÛn III."
    ]
  },
  {
    "number": "ARTICULO  308.",
    "content": [
      "Para que una sociedad constituida con arreglo a las leyes",
      "extranjeras pueda dedicarse al ejercicio del comercio en la Rep ̇blica,",
      "deber·:",
      "I. Comprobar que est",
      "· legalmente constituida de acuerdo con la ley del",
      "paÌs en que se hubiere organizado;",
      "II. Comprobar que conforme a dicha ley, y a sus estatutos puede",
      "acordar la creaciÛn de sucursales con los requisitos que este CÛdigo",
      "seÒale, y que ha sido v·lidamente adoptada la decisiÛn relativa.",
      "III. Tener permanentemente en la Rep",
      "̇blica, cu·ndo menos un",
      "representante con amplias facultades para realizar todos los actos y",
      "negocios jurÌdicos que hayan de celebrarse y surtir efectos en el",
      "territorio nacional;",
      "IV Constituir un patrimonio afecto a la actividad mercantil que haya de",
      "desarrollar en la Rep ̇blica, el quÈ no podr· ser inferior al que se le",
      "exige a las sociedades hondureÒas. Su aumento o  reducciÛn sÛlo",
      "podr· hacerse observando los requisitos aplicables seg ̇n el tipo de",
      "sociedad de que se trate;",
      "V Comprobar que todos sus fines son l",
      "Ìcitos con forme a las leyes",
      "nacionales y que, en general, no es contraria al orden p ̇blico; y,",
      "VI. Prestar sumisi",
      "Ûn a las leyes, juzgados, tribunales, y dem·s",
      "autoridades de la Rep ̇blica en relaciÛn con los actos y negocios",
      "jurÌdicos que celebrarÈ en el territorio hondureÒo o que hayan de",
      "surtir efectos en el mismo.",
      "Los requisitos anteriores deber",
      "·n acreditarse ante el Poder Ejecutivo a",
      "travÈs de la SecretarÌa de Estado en los Despachos de Industria y",
      "Comercio, la que, si lo estima conveniente para el interÈs general, podr·",
      "conceder autorizaciÛn para que la sociedad pueda ejercer el comercio en la",
      "Rep ̇blica, para lo cual emitir· la resoluciÛn correspondiente, en un tÈrmino",
      "de quince (15) dÌas y que deber· publicarse en el Diario Oficial La Gaceta o",
      "en un Diario de mayor circulaciÛn del paÌs, como requisito previo a su",
      "inscripciÛn en el Registro P ̇blico de Comercio."
    ]
  },
  {
    "number": "ARTICULO  309.",
    "content": [
      "El Poder Ejecutivo a travÈs de la SecretarÌa de Estado en",
      "los Despachos de Industria y Comercio, cancelar· la autorizaciÛn en",
      "cualquiera de los casos siguientes:",
      "1) Cuando compruebe que ha dejado de cumplirse con alguno de los",
      "requisitos seÒalados en el artÌculo anterior; o,",
      "2) Cuando se compruebe que la sociedad matriz extranjera ha sido",
      "disuelta o liquidada por cualquier causa.",
      "En ambos casos, el patrimonio social que exista en la Rep",
      "̇blica ser·",
      "liquidado por un banco comercial designado por la SecretarÌa, de Estado en",
      "los Despachos de Industria y Comercio, observando las disposiciones",
      "establecidas en este CÛdigo; y de tratarse de una instituciÛn financiera o",
      "bancaria, se someter· al procedimiento establecido por la Ley de",
      "Instituciones del Sistema Financiero.",
      "Cancelada la autorizaci",
      "Ûn, la sociedad extranjera no podr· continuar con el",
      "ejercicio del comercio en la Rep ̇blica."
    ]
  },
  {
    "number": "ARTICULO  310.",
    "content": [
      "-  Se considerar·n sociedades constituidas con arreglo a",
      "las leyes extranjeras, las que no tengan su domicilio legal en Honduras.",
      "Estas sociedades se reputar",
      "·n domiciliadas en el lugar en que establezcan",
      "su oficina principal, en el territorio nacional."
    ]
  },
  {
    "number": "ARTICULO  388.",
    "content": [
      "Los derechos de registro ser·n fijados en una Ley",
      "Especial."
    ]
  },
  {
    "number": "ARTICULO  398.",
    "content": [
      "Los documentos provenientes del extranjero y sujetos de",
      "registro, deber·n ser traducidos y autenticados debidamente.",
      "Se entiende que los documentos deben ser traducidos cuando fueren",
      "emitidos en un idioma distinto al espaÒol, y que est·n autenticados",
      "debidamente, solamente cuando conste la autÈntica de la SecretarÌa de",
      "Estado en el Despacho de Relaciones Exteriores."
    ]
  },
  {
    "number": "ARTICULO  403.",
    "content": [
      "La calificaciÛn que de la legalidad de los documentos",
      "hagan los registradores, se entender· limitada para el efecto de negar o",
      "admitir la inscripciÛn y no impedir· ni perjudicar· el juicio que pueda",
      "seguirse en los juzgados o tribunales, sobre la nulidad del mismo tÌtulo, a",
      "menos que llegue a dictarse sentencia que cause ejecutoria.",
      "En caso que se admita un documento para inscripci",
      "Ûn, Èsta deber·",
      "realizarse en un plazo no mayor de diez (10) dÌas h·biles, contados a partir",
      "de la fecha de presentaciÛn del documento.",
      "Sin perjuicio de lo anterior, el Registro P",
      "̇blico de Comercio podr· ordenar",
      "que se subsanen todos los errores u omisiones que presenten los",
      "documentos sujetos a inscripciÛn. El seÒalamiento de tales errores u",
      "omisiones deber· hacerse en un solo acto para que los interesados puedan",
      "subsanarlos en un plazo de tres (3) dÌas.",
      "Los documentos subsanados deber",
      "·n ser inscritos en un plazo no mayor de",
      "cinco (5) dÌas h·biles, contados a partir de la fecha de su presentaciÛn."
    ]
  },
  {
    "number": "ARTICULO  431.",
    "content": [
      "Los libros de fuerza legal ser·n llevados en espaÒol; sin",
      "embargo, los comerciantes podr·n llevar uno o m·s duplicados, para su",
      "interÈs particular, en el idioma que deseen."
    ]
  },
  {
    "number": "ARTICULO  432.",
    "content": [
      "Los comerciantes llevar·n los libros por sÌ mismos o por",
      "personas de su nombramiento.",
      "Si el comerciante no llevare los libros por s",
      "Ì mismo se presumir· otorgado el",
      "nombramiento a quien los lleve, salvo prueba en contrario.",
      "Los comerciantes cuyo capital en giro exceda de cuarenta mil Lempiras",
      "(L.40,000.00), est·n en la obligaciÛn de llevar los libros de contabilidad legal",
      "por medio de peritos mercantiles o tenedores de libros titulados."
    ]
  },
  {
    "number": "ARTICULO  433.",
    "content": [
      "Sin perjuicio de lo establecido en el ArtÌculo 36, los libros",
      "de fuerza legal deber·n ser empastados y foliados, y ser·n autorizados por",
      "la Municipalidad del lugar donde estuviere situada la oficina principal del",
      "comerciante o la sucursal cuyos libros se pretenda autorizar.",
      "Esta autorizaci",
      "Ûn se har· sin m·s exigencias de otros tr·mites y requisitos,",
      "m·s que la presentaciÛn de los libros.",
      "En todo caso, la autorizaciÛn se har· constar en una hoja al principio de",
      "cada libro."
    ]
  },
  {
    "number": "ARTICULO  435.",
    "content": [
      "Las disposiciones de los ArtÌculos 431, 433 y 434 son",
      "aplicables a todos los libros que deban llevar los comerciantes, aunque no",
      "sean de contabilidad, tales como, los de actas de asambleas generales y",
      "consejos de administraciÛn, de capitales, de registro de socios y dem·s",
      "similares.",
      "Los libros a que se refiere el p",
      "·rrafo anterior podr·n llevarse en hojas",
      "sueltas, en cuyo caso, los comerciantes est·n en la obligaciÛn de",
      "numerarlas correlativamente al momento que se originan y agruparlas en un",
      "solo tomo al final de cada Ejercicio Fiscal.",
      "Las hojas sueltas o la agrupaci",
      "Ûn de ellas ser· igualmente autorizada."
    ]
  },
  {
    "number": "ARTICULO  441.",
    "content": [
      "Los comerciantes pueden llevar su contabilidad en forma",
      "manual, en hojas sueltas, o por sistemas mecanizados, magnÈticos,",
      "electrÛnicos o cualquier otro sistema generalmente aceptado, siempre que",
      "el sistema que se adopte, asegure una visiÛn clara, r·pida y completa de la",
      "situaciÛn contable de la empresa.",
      "En todo caso, los comerciantes est",
      "·n en la obligaciÛn de notificar a la",
      "DirecciÛn Ejecutiva de Ingresos (DEI) cual ser· el sistema que adoptar·",
      "para llevar su contabilidad, pudiendo hacer la DirecciÛn Ejecutiva de",
      "Ingresos (DEI) las observaciones pertinentes."
    ]
  },
  {
    "number": "ARTICULO  446",
    "content": [
      ".  Los comerciantes al por menor llevar·n, por lo menos, un",
      "libro encuadernado, forrado y foliado en el que se asentar·n las compras y",
      "ventas que hagan tanto al crÈdito como al contado.",
      "En este mismo libro har",
      "·n al final de cada aÒo un balance general de todas",
      "las operaciones de su giro, con especificaciÛn de los valores que forman el",
      "activo y el pasivo.",
      "Se considera comerciante al por menor el que vende a menudo directa y",
      "habitualmente al consumidor siempre que el capital en giro total de sus",
      "negocios no exceda de cuarenta mil Lempiras (L.40,000.00)."
    ]
  },
  {
    "number": "ARTICULO  448.",
    "content": [
      "Todos los comerciantes deber·n conservar en forma",
      "ordenada por un perÌodo de cinco (5) aÒos, los libros de contabilidad y los",
      "libros y registros especiales, documentos, facturas, correspondencia",
      "enviada y recibida, asÌ como los antecedentes de los hechos generadores",
      "de la obligaciÛn tributaria o en su caso los programas, sub programas y",
      "dem·s registros procesados mediante sistemas electrÛnicos o de",
      "computaciÛn.",
      "Asimismo, los comerciantes deber·n hacer expresa menciÛn de los datos",
      "de su asiento registral en toda correspondencia y papelerÌa que extiendan."
    ]
  },
  {
    "number": "ARTICULO  9.",
    "content": [
      "Reformar el ArtÌculo 6 de las Disposiciones generales y Transitorias",
      "del CÛdigo de Comercio, el que en adelante deber· leerse asÌ:"
    ]
  },
  {
    "number": "ARTICULO  6.",
    "content": [
      "Las publicaciones sobre reducciÛn de capital, fusiÛn,",
      "transformaciÛn y liquidaciÛn de sociedades se har·n por tres (3) veces en el",
      "Diario Oficial La Gaceta o en un diario de circulaciÛn nacional,",
      "publicaciones que deber·n hacerse en letra clara y legible, con un intervalo",
      "de cinco (5) dÌas entre cada publicaciÛn.",
      "Las dem",
      "·s publicaciones exigidas por este CÛdigo se har·n por una sola",
      "vez en el Diario Oficial La Gaceta o en un diario de circulaciÛn nacional,",
      "salvo aquellos casos en que expresamente se establezca cosa distinta",
      "CAPITULO IV",
      "REFORMAS A OTRAS LEYES"
    ]
  },
  {
    "number": "ARTICULO  10.",
    "content": [
      "Reformar el ArtÌculo 53 numeral 5) y el ArtÌculo 61 numeral 1 de la",
      "Ley de PoblaciÛn y PolÌtica Migratoria, contenida en el Decreto No. 34 de fecha 25",
      "de septiembre de 1970, los que en adelante deber·n leerse asÌ:"
    ]
  },
  {
    "number": "ARTICULO  53.",
    "content": [
      "Deber· llenar los requisitos y  tendr· los derechos,",
      "obligaciones y exenciones que se especifiquen en este CapÌtulo, el",
      "inmigrante que adem·s de cumplir con las condiciones seÒaladas en el",
      "ArtÌculo 50 de esta Ley, ingrese al paÌs con cualquiera de los propÛsitos que",
      "se expresan a continuaciÛn:",
      "1 ) ... ; 2). ..; 3) ... ; 4) ... ;",
      "5) Asumir la administraci",
      "Ûn u otro cargo de responsabilidad y absoluta",
      "confianza en empresas o instituciones establecidas en la Rep ̇blica.",
      "6) ... ; y, 7) ..."
    ]
  },
  {
    "number": "ARTICULO  61.",
    "content": [
      "En cuanto a los cargos de confianza a que se refiere el",
      "numeral 5) del ArtÌculo 53 de esta Ley, tendr·n aplicaciÛn las reglas",
      "siguientes:",
      "1) El ingreso deber",
      "· ser solicitado por alguna empresa, instituciÛn o",
      "persona legalmente establecida o autorizada para ejercer el comercio",
      "en Honduras;",
      "2) ... ; 3)...; 4) ... ; 5) ... ; y, 6)..."
    ]
  },
  {
    "number": "ARTICULO  11.",
    "content": [
      "Reformar los ArtÌculos 53 y 63 de la Ley de Procedimiento",
      "Administrativo, contenida en el Decreto No. 152 87 de fecha 28 de septiembre de",
      "1987, los que en adelante deber·n leerse asÌ:"
    ]
  },
  {
    "number": "ARTICULO  53.",
    "content": [
      "Toda persona que presente un escrito podr· acompaÒar",
      "copia simple del mismo y exigir en el acto, que se coteje y se le devuelva",
      "con nota que exprese la fecha y hora de la presentaciÛn con el sello de la",
      "oficina y firma del empleado que la reciba.",
      "De los documentos que acompa",
      "Òe podr· presentar copia y pedir que previo",
      "cotejo se le devuelvan los originales salvo disposiciÛn en contrario.",
      "De una u otra circunstancia el encargado de recibir los documentos dejar",
      "·",
      "constancia.",
      "En caso que los documentos provenientes del extranjero fueren emitidos en",
      "idioma distinto del espaÒol, podr·n ser traducidos en los consulados de",
      "Honduras acreditado en el paÌs de donde procede el documento o por el",
      "Traductor Oficial de la Rep ̇blica.",
      "Los documentos, provenientes del extranjero deber",
      "·n ser autenticados",
      "̇nicamente por la SecretarÌa de Estado en el Despacho de Relaciones",
      "Exteriores. No se requerir· de autÈntica adicional para que dichos",
      "documentos puedan surtir efectos en la vÌa administrativa."
    ]
  },
  {
    "number": "ARTICULO  63.",
    "content": [
      "Si el escrito no reuniera los requisitos que se seÒalan en el",
      "ArtÌculo 61, y, en su caso, lo establecido en el ArtÌculo precedente, se",
      "requerir· al peticionario para que en el plazo de diez (19) dÌas, proceda a",
      "completarlo con apercibimiento de que sino lo hiciere se archivar· sin m·s",
      "tr·mite.",
      "En todo caso, y  sin perjuicio de lo anterior, no se podr",
      "·n denegar",
      "solicitudes o peticiones por motivos de forma, tales como: Color y tipo de",
      "tinta; o, clase, tamaÒo, color o medida de papel; o, falta de uso de m·quina",
      "de escribir o cualquier otro aparato.",
      "De igual manera, las solicitudes o peticiones no podr",
      "·n denegarse por la",
      "ausencia de timbres o por la falta de documentos o cualquier otro requisito",
      "formal.",
      "Lo anterior no supone que se dejar",
      "·n de observar las disposiciones legales",
      "relativas a las actuaciones formales de los profesionales colegiados."
    ]
  },
  {
    "number": "ARTICULO  12.",
    "content": [
      "Reformar los ArtÌculos 1, 2 y 3 reformado del Decreto No. 102,de",
      "fecha 8 de enero de 1974, los que en delante deber·n leerse asÌ:"
    ]
  },
  {
    "number": "ARTICULO  1.",
    "content": [
      "CrÈase el Registro Tributario Nacional en la DirecciÛn",
      "Ejecutiva de Ingresos (DEI), como registro exclusivo en materia fiscal."
    ]
  },
  {
    "number": "ARTICULO  2.",
    "content": [
      "Est·n en 1  a obligaciÛn de inscribirse en el Registro",
      "Tributario Nacional, todas las personas naturales o jurÌdicas, nacionales o",
      "extranjeras, domiciliadas en el paÌs.",
      "La inscripci",
      "Ûn de comerciantes individuales y sociales, se har·",
      "inmediatamente despuÈs de recibida una nota de parte del Notario",
      "autorizante con indicaciÛn del n ̇mero del instrumento, el nombre, razÛn o",
      "denominaciÛn del comerciante, domicilio y, en su caso, el nombre de los",
      "socios fundadores. En el caso de las sociedades extranjeras autorizadas",
      "para ejercer el comercio en la Rep ̇blica, la inscripciÛn se har·",
      "inmediatamente despuÈs de que se reciba una copia de la resoluciÛn de",
      "autorizaciÛn correspondiente."
    ]
  },
  {
    "number": "ARTICULO  3.",
    "content": [
      "El CÛdigo del Registro Tributario Nacional deber· ser",
      "exhibido en todos los actos y gestiones de car·cter fiscal; asimismo, dicho",
      "CÛdigo, podr· ser utilizado por los Ûrganos de la AdministraciÛn P ̇blica,",
      "Centralizada y Descentralizada, a efecto de inscribir a las personas",
      "naturales o jurÌdicas, nacionales o extranjeras domiciliadas en el paÌs en los",
      "registros especiales que administren por disposiciÛn de la Ley"
    ]
  },
  {
    "number": "ARTICULO  13.",
    "content": [
      "Reformar el ArtÌculo 1 del Decreto No. 1059 de fecha 15 de julio",
      "de 1980. el que en adelante deber· leerse asÌ:"
    ]
  },
  {
    "number": "ARTICULO  1.",
    "content": [
      "Autorizar el uso del sistema de microfilmaciÛn, en los",
      "archivos de las oficinas estatales, municipales y entidades autÛnomas.",
      "De igual manera, se autoriza el uso de sistemas electr",
      "Ûnicos en el registro,",
      "archivo y administraciÛn de documentos, para preservar los intereses del",
      "Estado."
    ]
  },
  {
    "number": "ARTICULO  14.",
    "content": [
      "Reformar por adiciÛn el ArtÌculo 29 de la Ley de Procedimientos",
      "Administrativos, agregando los ArtÌculos 29 A y 29 B a esta misma Ley, los que se",
      "leer·n asÌ:"
    ]
  },
  {
    "number": "ARTICULO  29.",
    "content": [
      "AFIRMATIVA FICTA Es la decisiÛn normativa de car·cter",
      "administrativo por la cual todas las peticiones por escrito de los ciudadanos,",
      "usuarios, empresas o entidades que se hagan a la autoridad p ̇blica, si no",
      "se contestan en el plazo que marca la Ley o las disposiciones",
      "administrativas se consideran aceptadas.",
      "Las SecretarÌas de Estado, organismos descentralizados y",
      "desconcentrados, deber·n emitir las resoluciones que pongan fin al",
      "procedimiento administrativo correspondiente, en los tÈrminos previstos por",
      "los ordenamientos jurÌdicos; y sÛlo, que Èstos no contemplen. un tÈrmino",
      "especÌfico, deber·n resolverse en cuarenta (40) dÌas h·biles, contados a",
      "partir de la presentaciÛn de la solicitud.",
      "En estos casos, si la autoridad competente no emite su resoluci",
      "Ûn, dentro",
      "de los plazos establecidos habiendo el peticionario cumplido los requisitos",
      "que prescriben las normas aplicables, se entender· que la resoluciÛn es en",
      "un sentido afirmativo y que ha operado la Afirmativa Ficta, en todo lo que lo",
      "favorezca. Los daÒos que el silencio o la omisiÛn irrogaren al Estado,",
      "correr·n a cuenta del funcionario negligente. Este procedimiento se aplicar·",
      "a todos los que se ventilen en la AdministraciÛn P ̇blica."
    ]
  },
  {
    "number": "ARTICULO  29",
    "content": [
      "A. Cuando por el silencio de la autoridad en los tÈrminos",
      "seÒalados en el ArtÌculo anterior, el interesado presuma que ha operado en",
      "su favor la Afirmativa Ficta, deber· solicitar para la plena eficacia del acto",
      "presunto, en un tÈrmino de hasta ocho (8) dÌas h·biles, la certificaciÛn de",
      "que ha operado en su favor la Afirmativa Ficta. La certificaciÛn que se",
      "expida har· una relaciÛn sucinta de la solicitud presentada y del",
      "procedimiento seguido, de la fecha de iniciaciÛn y de vencimiento del plazo",
      "con que contÛ la autoridad competente para dictar su resoluciÛn y la",
      "manifestaciÛn de que ha operado la Afirmativa Ficta. La certificaciÛn de",
      "Afirmativa Ficta, producir· todos los efectos legales de la resoluciÛn",
      "favorable que se pidiÛ; y es deber de todas las personas y autoridades",
      "reconocerlas asÌ."
    ]
  },
  {
    "number": "ARTICULO  29",
    "content": [
      "B.  Si la certificaciÛn no fuese emitida en el plazo que seÒala",
      "el artÌculo anterior, la Afirmativa Ficta ser· eficaz; y se podr· acreditar",
      "mediante la exhibiciÛn de la solicitud del tr·mite respectivo y de la peticiÛn",
      "que se hizo de la certificaciÛn ante el superior jer·rquico, lo que se har·",
      "constar mediante Acta Notarial."
    ]
  },
  {
    "number": "ARTICULO  15.",
    "content": [
      "Reformar el ArtÌculo 78 de la Ley General del Ambiente el que en",
      "adelante deber· leerse asÌ:"
    ]
  },
  {
    "number": "ARTICULO  78.",
    "content": [
      "Las personas naturales o jurÌdicas, p ̇blicas o privadas,",
      "que deseen realizar cualquier obra o actividad susceptible de alterar o",
      "deteriorar gravemente el ambiente, incluyendo los recursos naturales, est·n",
      "obligados a informar de la misma a la autoridad competente por razÛn de la",
      "materia y a preparar una evaluaciÛn de impacto ambiental (EIA) de acuerdo",
      "con lo previsto en el ArtÌculo 5 de esta Ley.",
      "Se incluyen dentro de estas actividades: La industria qu",
      "Ìmica, petroquÌmica,",
      "sider ̇rgica, textilera, petrolera, curtiembre, papelera, azucarera, cementera,",
      "cervecera, camaronera, licorera, cafetalera y agroindustria en general;",
      "degeneraciÛn y transmisiÛn de electricidad, minerÌa met·lica y no met·lica,",
      "construcciÛn, administraciÛn y distribuciÛn de oleoductos y gaseoductos;",
      "transporte terrestre, naviero y aÈreo; disposiciÛn final, tratamiento o",
      "eliminaciÛn de deshechos y sustancias tÛxicas peligrosas; proyectos del",
      "sector turismo, recreaciÛn, urbanizaciÛn, forestal, asentamiento humanos y",
      "cualquier otras actividades capaces de causar daÒos severos al equilibrio",
      "ecolÛgico.",
      "La Secretar",
      "Ìa de Estado en los Despachos de Recursos Naturales y",
      "Ambiente tendr· la potestad de definir mediante Reglamento o mediante el",
      "Sistema Nacional de EvaluaciÛn de Impacto Ambiental, el listado de los",
      "proyectos susceptibles de afectar gravemente el ambiente y que",
      "obligatoriamente deber·n preparar una evaluaciÛn de impacto ambiental,",
      "magnitud, ·rea de influencia, gravedad de sus impactos o grado de",
      "contaminaciÛn.",
      "Tambi",
      "Èn tendr· potestad para identificar aquellos proyectos con impactos",
      "predecibles y circunscritos al ·mbito local, cuyas medidas de mitigaciÛn",
      "responden a un marco normalizado para su correcta, ejecuciÛn y que a ̇n",
      "no requiriendo una EvaluaciÛn de Impacto Ambiental deben ser objeto de",
      "diagnÛstico previo a la emisiÛn de su permiso ambiental.",
      "Sujetar",
      "· adem·s los proyectos que a ̇n necesitando el diagnÛstico referido",
      "en el p·rrafo anterior, deben reportar sus actividades conforme al",
      "procedimiento establecido por la SecretarÌa."
    ]
  },
  {
    "number": "ARTICULO  16.",
    "content": [
      "Interpretar el ArtÌculo 5 del Decreto No. 159 94 de fecha 4 de",
      "noviembre de 1994, emitido por el Congreso Nacional, en el sentido de que el",
      "Director Ejecutivo de Ingresos en el ejercicio de sus funciones y de acuerdo con su",
      "estructura organizativa, goza tambiÈn de la facultad para delegar funciones",
      "especÌficas en Ûrganos inferiores o unidades de mando de la DirecciÛn; asimismo,",
      "para la creaciÛn de SecretarÌas en las diferentes oficinas regionales, con las",
      "facultades que se les confiera en el reglamento respectivo."
    ]
  },
  {
    "number": "ARTICULO  17.",
    "content": [
      "Reformar los ArtÌculos 7 y 13 de la Ley del Papel Sellado y",
      "Timbre, contenida en el Decreto No. 75 de fecha 7 de abril de 1911, los que, en",
      "adelante deber·n leerse asÌ:"
    ]
  },
  {
    "number": "ARTICULO  7.",
    "content": [
      "Los timbres a que se refiere ArtÌculo anterior, se har·",
      "tambiÈn en la primera foja de los testimonios de las escrituras p ̇blicas, los",
      "que se har·n en papel sellado."
    ]
  },
  {
    "number": "ARTICULO  13.",
    "content": [
      "Quedan exceptuados del uso de papel sellado y timbre:",
      "1...., 2...; 3...; 4...; 5 ... ; 6 ... ; 7 ... ; 8, ... ; 9, ... l0, ... 11...; l2...; 13 ... 14...; 15",
      "... 16...; 17 ... ; 18...; 19..; 20 ... ; 21'...; 22...; 23 ... 24 ... ; 25 ... 26...",
      "27.  Las legalizaciones y aut",
      "Ènticas que expidan las autoridades, las",
      "SecretarÌas de Estado y las Municipalidades e inclusive, la Corte Suprema",
      "de Justicia.",
      "CAPITULO V",
      "DISPOSICIONES FINALES Y TRANSITORIAS"
    ]
  },
  {
    "number": "ARTICULO  18.",
    "content": [
      "Las solicitudes presentadas antes de la fecha de entrada en",
      "vigencia de la presente Ley, deber·n ser evacuadas conforme a la legislaciÛn",
      "anterior a la que se reforma o deroga."
    ]
  },
  {
    "number": "ARTICULO  19.",
    "content": [
      "Quedan exentos de las sanciones a que se refiere el CÛdigo",
      "Tributario, todos los contribuyentes o responsables que a la fecha de entrada en",
      "vigencia de la presente Ley, no se hayan inscrito en el Registro Tributario",
      "Nacional, en el registro a que se refiere el ArtÌculo 10 de la Ley del Impuesto",
      "Sobre Ventas asÌ como cualquier otro registro de car·cter fiscal.",
      "En virtud de lo anterior, dichos contribuyentes o responsables podr",
      "·n inscribirse",
      "en los registros a que se refiere el p·rrafo anterior de manera gratuita y sin estar",
      "sujetos a sanciÛn alguna por falta de inscripciÛn"
    ]
  },
  {
    "number": "ARTICULO  20.",
    "content": [
      "El Poder Ejecutivo en Consejo de Ministros mediante Decreto",
      "consignar· la dependencia encargada de verificar y supervisar seg ̇n el caso, lo",
      "establecido en el ArtÌculo 6 y dem·s aplicables de la presente Ley."
    ]
  },
  {
    "number": "ARTICULO  21.",
    "content": [
      "Derogar las disposiciones siguientes:",
      "1) El Art",
      "Ìculo 8 asÌ como el segundo y cuarto p·rrafo, literales a) y b) del",
      "ArtÌculo 11 reformado de la Ley de Papel Sellado y Timbre;",
      "2) Los Art",
      "Ìculos 37 del CÛdigo de Comercio y 12 de las Disposiciones",
      "Generales y Transitorias del mismo CÛdigo;",
      "3) El numeral 16) del Art",
      "Ìculo 95 del CÛdigo del Trabajo;",
      "4) El Art",
      "Ìculo 4 del Decreto No. 102 de fecha 8 de enero de 1974; y,",
      "5) El literal b) del numeral 1) del Art",
      "Ìculo 43 del CÛdigo Tributario"
    ]
  },
  {
    "number": "ARTICULO  22.",
    "content": [
      "El presente Decreto entrar· en vigencia veinte (20) dÌas despuÈs",
      "de su publicaciÛn en el Diario Oficial La Gaceta.",
      "Dado en la ciudad de Tegucigalpa, municipio del Distrito Central, en el SalÛn de",
      "Sesiones del  Congreso Nacional, a los treinta dÌas del mes de. 1 julio del dos mil",
      "dos"
    ]
  }
]